sequence,Levenshtein_min
GACTGCCAGCTGAGAGAGGGAGAGGTAGTGTTTAGCAT,0.39473684210526316
TACACTGAAAGTAGAGCGGTCAGAAACAGGTGACGGATAG,0.4
GCAGTAAGCTAGGGTGGCGGG,0.38461538461538464
GCATAGGCGCGCGGGAGGGTTGTTCGTTTCTAAAGC,0.4
CACAGAGAGCCTGGGTGTAGTGGAAGTAGGTTCCTATCAAGGGCCATGCT,0.4
GGTCTGGACAGTGATGACACGGTTGGGGCGATAAGGTAG,0.4
TATTCCAAGGTATAGGGGGTGGTGTGCCTAGATAATGACACAC,0.39622641509433965
GCAGTAAGCAGAGGTGGGGTTTCTAGGGTTGTCAATAG,0.4
GTTACGTCAAGTGGAGTGATAGTCATATCGCACTGCCAA,0.375
ACCTACAGCAACAGGTATAGTGAGGTGGGTAGGGTAGGATCGGA,0.38636363636363635
GCGCGCGATTGGGGTATTGTGCTGACAG,0.375
GGTAGGGGTAGAGGGCATCG,0.36363636363636365
CACCGTGACAGCAGCGAGTGCGGGGTACGATAGGGTTATGGG,0.35714285714285715
ACAGAGACGTAGGGGGGGTGTGGGTACTGATAGCCAGAT,0.3877551020408163
TCGAGCTACAGCGTACTGTCAAGGGTTGGTAA,0.38461538461538464
ACCAAGAGGGTTGCGGGCAGGTCTTAGCGCGAGAGTAGTTGTACTATCGTC,0.37254901960784315
CATGCGGGTCAGCGTACATGACCAGGGAACAGTTATAGGGGAGTG,0.37777777777777777
GGCCGACAGCGATTAGAGTGGGGGGTACCCAGGTGGGTGAGTATGGGTA,0.3877551020408163
TTCGAGTTATATAGGGGGTGGGGGTACGGAAGTGGCAA,0.4
ACCAAGGGCGGGGTGGGAAAGTCACGACATG,0.39473684210526316
CGTCTGAGGTGGTGCAGGGACACAGCTCGATAGTGCGCATAGAGCTGCGGTGAGGTA,0.38596491228070173
ACCGCGACATGAGCAGGGGGGGGATGTGACAGCAGTGTA,0.38461538461538464
TGCCAAGGGGTATGGTAACAACGAGGGTGGGTTTAATCTCCGATAAGC,0.3958333333333333
GAGGAGAGTAGTAATATGAGGTCAAGGGGCAGGTTGTAGGAGC,0.3953488372093023
CCACTAGAGGAGGGTACATACAGCGAGGATGTAGGTGGGTATGTAGTTA,0.3877551020408163
ACGGCAGCTAGAATGGAGATGTGTTAGGGTGTAGACTGGCA,0.3902439024390244
ACACGCTAACTAAGAGCTCGAGGGGTAGTGCTGTAGGCAAAGT,0.3953488372093023
ACAGCGGCCTGGAGTGTTATGGGGAGATGTGGCTGAA,0.3684210526315789
CATATAGCTCAGGTAGGGGTAGGGCGGAGTGCTAACGG,0.375
ATAGGCTTGGCGGTCGATTGGCGATACCGAGTG,0.4
GTGCCAGAAAGAGGCCAGGTATACAGGTGCTGCAATAGGGCGG,0.3953488372093023
GAGCTAGGGTCACGTGGGAGGCTGGTTGCGTGTTATGAACAGTTGCAGATAGCATAGTGA,0.4
CCAGTAACGACGAGTGGGAGTAGGGAGCACAGTGGTGAT,0.3958333333333333
ACCGACTCCGGTTGGTAGATGGAAGGGAGGGATGCATGTG,0.4
CTGGCTGAGGTAGTGTAGTAGCTCGTC,0.4
CTTCTCGTAGCGGGTACAGGGGGCGAACGGTAGAGAGGTTCAGC,0.38636363636363635
TCATAGAGAAGTGGCATGCATGAGCTAGGTTATGGAG,0.4
CAGCAGAGTCTAGCGCACAGGCAGTAGGCGAGCGTTAGGGG,0.375
GCACGCATAGAATGTAAAGTGGGGGGAGAGGGGTAGGGTAT,0.36585365853658536
ACGACCTACATCGACCAGATTGAGAGTAGGGTTGTAGTGCCGGTG,0.37777777777777777
AGGGTGGACTTTCTGTAGGCGGGAGCAAGGCAATACGTGTGAGTCTG,0.3617021276595745
CTTGTTAGCAAATCCAGAGCAGGGAGCTCGTGAGGTGTAG,0.3958333333333333
CATCTTAAGCTATATGGGGTATGCAGGAGTGGCTGCTCC,0.38461538461538464
GGGATAGCAGTAATGTAGCTTTAACGTTACCGT,0.358974358974359
ACGAGTGGCATGGTGTTGTTGGGGTAGCTTCAATCCTA,0.39473684210526316
TACATTGCAGCTAAAGTGGCTAGGTACAGGGTTAAACCTA,0.4
GAGCTAGAGTTACAGATTGGATTAGTGAAGCGTTAACGTCATG,0.3953488372093023
AGAGACGGCAGCTTGTGTAACCAGCATCGAGGGTAGCG,0.4
TGTGGTGAGGGTGAGGGGCTAGGGGCCTT,0.3793103448275862
GATACAGTGGTATGGAGGTTAGCGTAGTAGGGTGGTTAT,0.4
AGTTGGCCAAGCAACGGGTTTGTAGCGGACTACATAGGGA,0.4
GGCCAGGGTAGTGAGGGTTAGATTGGACGTACGAGTGGATGTGC,0.38
AGCGCGTGGAGGAAAGTGGAGGTGGGTA,0.39473684210526316
CACGTGCAGTTATGGAGGCTATCGACGAGGAGGGTTTAGAGGGGCAG,0.4
CATAGAGCTAGGGGGGACGTGGTGGCGCAGGACAG,0.375
TAGTGCCAAGTGTACTGGCTGATCGGGGAAACTACGGTATCACGGATCGT,0.4
CACTGATATCCATGTTAGAGAGGGGGTCAGGGTTTAGATAGG,0.38095238095238093
TACAGCGAGTAGGCTAAGGGCTATGGGGGCTATCTCTA,0.3684210526315789
CTCTTTAAATGGAGGTTCAAGTGTCTGGTGGGGGTA,0.4
AGTATAGGCGGGAGTGGTAACGCGAGTTGTGTGTGG,0.38461538461538464
CCCTATAGACGAGTTAGGAGTACGGTAGGTTGGGAGCGATAGAGTCAGGTACCGCAA,0.38596491228070173
GGGTGGGGGGGGATGTAGATCCAG,0.3333333333333333
CATACTGAGGGGCGCAGCGTATGTAGGGCTAGCAGGTTGAGCA,0.37209302325581395
GCGGTGCGGCATCGAGAGTAGGTATGATATCCTTGGTC,0.4
GCGAGTAAGGGCGGGTGGCGTTGATTGCGTTGTACATAAA,0.4
CATGTGGTTTATCGTATGATAGGGGTCGGGATG,0.4
CAATAGCGGTAAGGCTGGTTACTCCTGAGGGGTAGTGGC,0.4
ACAACTTTCTTACACTGGGTCGATGCTG,0.39285714285714285
AGGTACCACCAAGGGCTAGGGCTGCCAGGCTACACTGT,0.39473684210526316
CTCGTGGCGTCAGATTAGTGGTGCTAGAGCTCATGCTGCGACA,0.37777777777777777
GCAGTGAGGGTCTAAGGCTACGGTAGGCAGGCTACTAGGAGGA,0.3953488372093023
CAGCTTGATCGACTTATAGCCAGTGATGAAAGGGTGAGAGGGAGGGTACG,0.4
CCGACCGGTGGTGTGTTGACGGTAGTTAGAGGTACT,0.4
GGGCGCTACATATCGATTTGGTTGAGGTGGCGTTTAGTGT,0.4
TACGCCAGGAGTGGTGATCGTAGAGCACGAATG,0.375
TAACACTCCAATAGGGTGATGCAGGAGATGTAAAGCGA,0.375
GGCACGCAAAGGTAGAGAGGTAGCGTCACCAAGTAC,0.358974358974359
CTAGGACATAGGAGAGGCTTGAGCAGGTTCAGCTG,0.375
TCGCGAGGTATCGACGAGCATGGTGGTGCTAGTAGCAAGGTC,0.4
CCAGATCGAATAGTGAGGGGAGGAGTAGCGTGGAGC,0.3684210526315789
TGCACAAGAGGGAGTGGCAGTAA,0.391304347826087
AAGCGTGCACGAGTAGTGGTGCAGTGAGCAAGTATGTAACCAAA,0.38636363636363635
TCGGTACGGAGAGTGGTAGGGACGCTAGAC,0.3870967741935484
AGGGACGCATAACGCGATTAGTGC,0.39285714285714285
TAGTAGACCAAGTGGTAGAGTGAGTATCTGGTAGTTTGAT,0.4
TACACACACACGTAGTAGTGTTAGCGTTGGGGCG,0.38235294117647056
ACCCTAATAGCTAGGGCAGGTACGTGG,0.375
GGAGATCATATTACAGTGGGGGTGTGAGGTAGCTCCA,0.4
CAGTGACAGGTAGCAAGGGTTCAGCGACCGAGTGGGGTAT,0.3877551020408163
TATATCGTTAGGTAGTGCTTAGGGTGGTGAGGAACGGGTAGAGCATGCGCTATAG,0.4
CAGTTAGTTCGTGAACCACGGTAGAGCAAGGGTAGAGA,0.4
ACTAAGTGGCGAGGTAGGGTTCCAGAGAGTTAACC,0.4
CAGGTTGAAATGGGTTGCGTCGAGGAGCAACAGCTA,0.4
GGGAGTGAGGTTGCATGGGTGCTGT,0.36
GGCATAAGCGAGAACCAGTGTTAGGATGTT,0.34375
TAGAGTGAGGGTTAGGGACTGGTTTCCTAATCCAAC,0.4
TGGCAGATAGTACGCGGGTTTAGTGAGGGAGGAGGTACGAGTCAGG,0.3695652173913043
CCAGCAAGCATAGCGAGGTAT,0.38461538461538464
ACACCGGGGTATGGAAGTCGCGGCGCTATTATTTAGAGGGAGATA,0.37777777777777777
TCCAATTGAGTGGGGAAGCGAGTAGGTAGTAGCAGAGAG,0.38461538461538464
GTGGTGAGGGGTGTGCAGTTACGAGGTAGCAGAGGGTTCAGAC,0.3953488372093023
CGGCCAAGCAAGTTGCGGTTCAAGGGAACAGTGGCTCAGAGCCTA,0.4
TAGGGTGGTGGTGCTTTAGCGTACAGGGCC,0.4
TAGGGAGGAGGAGCGCAAGTGACGGCTGAT,0.4
GCAGAGCGGGTAACGCAAGAGTAACGTGTGGGAATGTGCCAGGAGCAAGTGGACA,0.38596491228070173
CCGGAGTTTGGTAGGGAGGTAGACAGCGATGCTAGTG,0.39473684210526316
GAACGGCAGTTGGGGAGGTGATAGCGTTAGTGCAGGGTTTG,0.3958333333333333
GAGGGTATAGGAGTGCAAGAGCGTACTGGTAGTGCGAAGGGTGATGCA,0.3958333333333333
CCGGAGATAGCCATGTACTGAAGTTAAAGCGCAGGGAGTG,0.4
CCACAGGGATTGTAGTGCGTGTCGGGGTAAGGCTAGGGTAGAGGGTATG,0.3673469387755102
CAGGGGGTCGATGGTCAGGTGTAAGGGAGGAAGGGGAGTGTAGG,0.38636363636363635
TCATGTGGGCTGAGCGAGCGTGTTGAGATAGGTAGCGG,0.4
ACCAGCGAGGTTGTATGGCAACAACTACGGAGAGTGGGTAG,0.3902439024390244
AGCAGGCTGCTGAAGATATAAGCGGCTAGGGTTTA,0.4
GCATGCCAGTATGGGTGTGGTTAATAGGCTACGGTAGGATAGG,0.3953488372093023
GCAGGGGGGGCGAGTAATAAAGCTAGTGTCGGGGATTTGACGTTG,0.4
CATGTAGCATACATAGTGAAACAGGGAAGGTAGCAGGGTAAGG,0.38
GAGGTAGAGCTGTGTTGAGCGTAGCTATGAGTAGTGCTAT,0.375
GCTAAGGAGCGGTATCAAGAGCCAGGAGTGGGCAATAGCGTAGAGGTCG,0.4
TACCACATCGAAAGGGAGTTGAGGTAGCGGTCGTCG,0.3611111111111111
GCGTGTCAAGAGGAGTATCGATCCTATCGCGTCG,0.4
ACGATAGTCGTAGAGGCAGCTTTAGGGTTAGGGTTA,0.4
TCCGGGGTGAGGGAGCGTGGGATAGCAGGGAAGTAG,0.39473684210526316
ATAGTGATTAACGGTTGTAGAGGGTGTGGGCATGCGA,0.4
ATCAGTAAGGTAATCACGCCAAGCTACTGTAGTGAGAGAAGTACTCGCAGA,0.39215686274509803
TCGTGACAGCAAGGGCAAACAGTGGGCACGGTTAACTCTGAGGTG,0.4
GGGCTAGGAGGCATGTGATCGTGGTACGATGGGGGTGATAG,0.3902439024390244
ATGCGAGGCACGATCTACACCAAATACAGCTGAGTGTGTAGGGCAGTAACTGTT,0.3888888888888889
GAGGAGGGTCGATCGAGTGGGCAAGTGAGGGGTGCAGGTAGGGG,0.38636363636363635
TACACGCTAGCAAGGGAGGGTGAGAAGTGGAGTGTAGATACGC,0.3953488372093023
ACAGCTATCGAGCACGGGTGGAGGTGCGATGGCGGGG,0.38461538461538464
GCAACACTTATAGAGGGAGCTG,0.3333333333333333
GCCTGAGGCTAGGGCGGTAGAGTAGGACTGGTTAGAGTCTAAGTGGTG,0.3958333333333333
GAGTGCAGTGACGGTTCGGTCCTGTAAC,0.35135135135135137
GGGTCTGGTAGGGAGATAGTGATGGAAGAGGCGTAGCT,0.4
ACACCGGCTGACCAAGTGGTAGAGAGTAATGTAGGTGAAA,0.4
GCCAGGTGGTGTGTGATGGGGCCAGTAGTGTGAT,0.375
TAGATGGAGGTCGGGTAGGGTT,0.36363636363636365
AAGAGTGCGGTGATAGAGGTTGGTTATACTGGAGAGTGCGTT,0.38095238095238093
TACGGATCATCAAGGGGATGAGCGGTGCCGT,0.3870967741935484
CAGTGCTTGGTGATACGGGCGTTCTAGCACCCTTC,0.4
GGGGCGAGAGCAGGTTAGCAAGGCTATTAGTGTAGCTTAAGGAGCGGTCCTG,0.38461538461538464
CATCTTGAGCAACGTAGGCACGCTAGAGTCAGGAAGAGTTAGAAG,0.4
CACTGGTGGCTATAGAGCCGGGTAGTGTTGAGGGTCGGGAGGT,0.4
AGGGCTAGTTATTATTGCTTTTTCGAGTGAGCGTGGAA,0.4
GAGTTCGAACATGGATGTAGAGTACGAGATAGTCGAGA,0.39473684210526316
ACAGATCCAGCTGAGCAGTGGGGTGC,0.38461538461538464
GGACAGTCCTAGTGTAAGGACGGGTGATAGGCGAGGGTA,0.4
GGGTTACAGTGGAAACGATGGCT,0.391304347826087
CAGTAACGCAGACAGTTAGTGGTAGCG,0.3870967741935484
GAGGGTATAGGTAAGTGCGCGTAGAGTCAT,0.4
AAGGTCCTGGGTTTGGTGGTGCGAA,0.4
GCTGAGAGTTGATGAGGGGCATGTGATACGACGGGCACAAGTGATGTTCTGGCGCTGTT,0.3728813559322034
GCGCAAGTAGGCTACGTATTAAGCCAGGTAGCGGCCTGGGTAGA,0.38636363636363635
AGCTAGAGCAACTTGCGTCAATTTGACAGTGGGGTA,0.4
TTAGCGGTAGAGTCAGGTAGGTAGGT,0.38461538461538464
CATATGCTGAAGTATCGGGTAGTGTAGGGTTGAG,0.3902439024390244
TCAAGAGTGGTGCGAAGTGTGGTAGCTAAGGGTACGGGATGGATCAGT,0.3958333333333333
TATAGGCTAGCGGTTGGGGGTA,0.36363636363636365
TTAGGGGGTTCACGATTTGAAGAAAGGCCTC,0.39473684210526316
CGACAGTTAGTGGAAGCGATTAGCTCTAGTAAAGGGA,0.325
CCTCTACGTAGCTGCAGTGATGGTGGATGCAGAGAGCGG,0.3333333333333333
TATCCCCACAAATCGTATGTAGAGTGACGTATTGTGGTAG,0.4
GGGAGCATGCTGTAGTGGTGGTTGACGGGCTGCTAGGGAT,0.4
CAAGTATGCCAATAAGGGGTTGCAAGTGGCAGATAGCGACT,0.3902439024390244
CTGGTGGTGCGGTAGGTAGGGGAACCATAATGTAAG,0.4
TACTGTGGTGTCTTGAGCGAGCTAGTGTCACTCC,0.38235294117647056
CACATCACCCATAGTGGGGTACGCGATAGTGGTGC,0.4
TGGACGAGTTAGAGGTAGAGTTGTAAGCTGACTGCTGGT,0.325
GGGCTAGTACGGTAGTGAGCCGAGTGTGGAGTTGTAAGGGGGTGT,0.4
GCGGTAAGATGAGGGGTCAGAAAGGTAGCGTATTGCCT,0.39473684210526316
CCGGTACACAGAGGGCGGATTACTGACACTCAAGTGA,0.4
TGACAAAGGGGGTGAGCACGTTGT,0.3870967741935484
CACGCGAGGTGGGGGCAGTTACGAATGGGGAGGGGCTC,0.3673469387755102
TACCTGAGCATGCAGGCAGGTGCGACGGATAAGGTTGGGTGAG,0.3953488372093023
TAAGGTGTAGGTAGGTTGGCAGTGACTGGCGATCATGAGGTACG,0.4
CGTGTGGCAGTAACCAAGTGGTGCGAGTTAGGGTGCACGGG,0.3902439024390244
GGCTAGAGTAGTGAGTAGGAGAGTGTATCAGGTGGTGGAGAGGGGGTCCAGTTTAA,0.375
ACATTAATCCAGTGGAGGCTCTAGCTGCATAGCGTCGGTTGTGCATG,0.3829787234042553
ACTTACATCTAGTGAGGTGTGGAGAGCGTC,0.3870967741935484
AGTGAGGGTGGCAGCATCTATGGCTGGAGAGGGTGGGGGCTCG,0.38
TGGGAGCGGGTAGCGTGCTGTAGAGGCGTGCC,0.375
TACTCTTCGTGCGCTATGGGGTGAGTAGCGT,0.3870967741935484
GCGAGGACAGGGAGGCTCGAATAGCCATATGTAGGGTAC,0.3877551020408163
ACGGGCATGAAGTTGGTAACCTGATAGGGTGAG,0.375
CCCCGGAGCTGTAGCGTGTCACTAGGGGCCAA,0.375
CTCCTGCAGCCACGATGGGTTCGCTAGTACCAAGAGTGTAGG,0.38095238095238093
GGCGAGCGCTAGAAGAGGGTTCTGCTATACATCAACG,0.4
ACCGGGTTCGGGTTAGCATAGACTGGAGATTGGTAC,0.375
ATAGCCTGACGAGGGTGGTTAGAGGTACATAACGACGGAGTGGAGTG,0.3829787234042553
TTGGTGGCGTATGGAGTGAGGGTGTTACTG,0.39473684210526316
CATTGCTGTACGAGAGAGTCCCCCTTCA,0.375
GCTGACTCGAGTGTAGGGCGGCCAGCGCGCT,0.39473684210526316
TACGCACATACAACGCGTATATACTGGTTGTGATAGAGTAAGGGAT,0.391304347826087
CATCTCGATCGGCGCGGGTCAGGGAACAAGAGCGGTGGTGGGGGT,0.3958333333333333
GCATGCGATCTATCGAGTGGGCCACGAGTCAGGTTAGGGCTGGAAA,0.391304347826087
CGCTTGAGGCAGAGGAGTGAGGGGGGAAGGTGTAGGTTAGG,0.3877551020408163
CGAGGCTGGGAGTGAGGGTACTGGTGCCGAAGCAGCCTAAGCGAGCTCGC,0.4
AGGAGACTGCACGGTAGAGAGTGGCGTTATC,0.3870967741935484
CTTCGAGCGGCAGATTGGGATGCACGTAAGCATCAGTGATACAGGGAGCC,0.4
CGCACAGCTTGTGGCCAAGAGCTGGCGGGGGGGTATAGAGAGG,0.38596491228070173
CATGCTAGCGTGGGGGTGAA,0.4
CATCGAGATGTTTATTAATTCAGGCTAGAAGGGGCGGATA,0.4
TAGGTGGAGGGGCTAGTAGGTAAGCTAGTA,0.4
CATATCATGGTGTACGGTGTGGTGAGGTTTCGCAAGTGGTATAT,0.3673469387755102
ACCAACAGGGGATCGTAACGATGTTGTGGTAGGGTATACGCTCGTC,0.391304347826087
GGGAAAAGGGTGCAGAGACGGGCACGCAACGCTCTT,0.4
GAGGTGAGCTTGGTCGGTAGCAAGCTATAGGGCAGCTAGTACGCATAGGGAGTGC,0.4
GAAGTCGTGAGTTAGCGGGTGTGGGACCGATCCAG,0.4
TACAGGGCTGTCGGGATAGCATGCTGGTGGAAGGTAGGA,0.4
GGAGAGTGGTAGTGGGTTAGAGTG,0.375
CACCGAGTAGTGACGGCCGGGTGGCAGCTAT,0.375
AGCAAGTGCACATAGAGGTTC,0.38095238095238093
TCCAGTATGGGGTGGTAGGTACTGGCGTGC,0.4
TAGACTAAGGAAGAGTGGATTAGGTACCGTTTAGAG,0.3902439024390244
CAGGTGGAGGCACCGGTGGGGCAGTTAGGAGGTAATGAGTGAGTC,0.37777777777777777
CTTCTCGGAAGAGTGGACGTGTGTGAGCTAATGGAGCGTCAGGGGAGCGCTTTAT,0.4
TTCGCGTGTACTGCATGAGTAGGTAGGGGTGATGA,0.4
GTGGTATTCCTGGTTAGCATAGCGAGAGTAACAGGGTAG,0.4
ATTCACAGGTAAGGGAACCGTGATAGAGTTGAGAGGGGGGGCTAGGT,0.3829787234042553
AGTACAGTGGGGTTGGAAGATAGTAGTGGTGCAA,0.38461538461538464
ACCAAGTATGGTTTGCGACACGCATGGGGTGGTGTAGCGCGTGA,0.36363636363636365
GACCGTGTACTGAAGGGGGCGGAAACGTAGAGCTTCCATTACACGGCACGA,0.39215686274509803
ACACAAAGGTAAGGTGCTAGACAGGGGGGTAAGGGA,0.375
CAGGAGGGATTCTGAGGTAGTGAGTATTAGTGAAGGCTAAG,0.3902439024390244
AGCCAGAGGTGCGGGGGCGGGCATGCGGTTAGTGATCCGACGG,0.37209302325581395
GCGAGAGGCACCAGCATGATTAAGTGAGGTTATATCGAGTGGC,0.4
CACGTACACTGGCACGGTTAACGATTGATAGGCTGG,0.35
CCGGTTCAGCAGTAAGCAAGGTTAGCGAGATGCAGGTAACGTATCTAA,0.3958333333333333
TACATTAAGGTCAAGAAAGTGTGGAGAGGGAAGCGGTAA,0.38461538461538464
GCTATATTGTCGTGGAGCAGCTTGTAGTGTCGCGCGAGGTACA,0.3877551020408163
CTCGTGATAGTGGGCGCGATAGGGCTGGTGGCTGCTAGAAATCGG,0.4
GGGACTTAGGGCGTGGAGGAGAGAGGTAGTGC,0.35
TAGGTGACGATTTTGGCGCTAAGGGGTTGAAGCGTAGGTAGTGG,0.3877551020408163
AGTCAAAGCCATGATAGCTGTTAGAGCCAGACGAGGTACG,0.375
TACAGTGCGCTTTTAGAGTGCGAGGTGTAGTGTAGTG,0.3958333333333333
TGCAGCTGAGTTAGTTAGTAAGGGGGAGGAAAGGAGGTACGCC,0.3953488372093023
TTATGCATAGTGTGAGAATCGGTCC,0.3548387096774194
CACCTATCTAGGGTAGGGGAAGGGTGAGGGTTAAAGTTTG,0.375
TACGTCTATTGTCGCATTAAGTGGAGGGGCGAGGTTG,0.4
ATGGTGAGATGCGGAGCGGGCTGCAGAGGTAGCTGTA,0.3684210526315789
CTTAGTGAGAGTGGGCATGAAGCTGCAAGGGA,0.375
ACCAACGCGGGTAAGTTATAGGCTTAAGCGAAAGTGA,0.3783783783783784
TAAGAGCGGCTGCGAGCTTACGTTAGGGAAGC,0.4
CATATCACACACTAGCGTTAGGTAGCGATAGGGTAGGGATAA,0.38095238095238093
CAATTGCTAGTACGGAGTGATCGAGGTTTAAGCGTTAGG,0.38461538461538464
CAGCGCACCTTGTTAGAGTGGGCTGAGTGATAGTG,0.4
GCCAGGGTGGAGCTAAGGGGGTCTGGCGTCCAGATATCCTA,0.38
AGCTACTCCTAATGGGTCAGCGGCATAATTGTGGTAGCGGCGTATCCAA,0.3877551020408163
TCATTCAGCTCCAGGTGCAGTGGCTGGCACGATAGAGTGA,0.4
CAGGTGGCCGCTAAAGAGCCGGGTAGTGTGACG,0.35
CTTGCGATAGGGTGTCGTATAGCAAGAGCTAGTCTGAGTGGCAG,0.38636363636363635
CACGGAGCTGAAGTGGCTGTGGGGAGTGAT,0.4
GGCAAGTGGTATAGGGTGAGCGTAGTCATG,0.4
AGCATCGGTAGGTTGAGGGAGGAGGGAGCGAGTATGTTACTTGGAGGCGCG,0.39215686274509803
CGGGAGGGGGTTAGGGCTAGCGTACCT,0.3548387096774194
GACAAACTGTTGTGGTAGGTGCAAGTAGTTAG,0.375
GTGCGCTAGGGAATGTGTAGGGTGGTCGAGCCAAGGTA,0.3684210526315789
GGGTGCAGCCTAGGCGAGGGAGAGGAACAGGGTAGTATG,0.4
TATCGAGGTACCAGTGACGAGGCCGGTTGGGCTAGT,0.375
CACACACGGTACGGGCGACATAGACTTA,0.4
GCCATAGTGGTGGTGAGGGATTCACGAGCAGGTGGGGGT,0.325
GGCGTCACGAGCATAGTGTACACCTC,0.3793103448275862
GCAAGAGGTGTTACCAAGGTAGTGAGTTTTTGAC,0.4
CAGCGTCACTCGAAGTGGTGAGGGGTAGGGAAGAGACA,0.375
CAAGTGTGGTGGTGTGGGATACCTATAGGGCGTGTACGTGTTCGAG,0.4
GGTGTGGCATACGGGGCTTGGTCCAGGTGGTAGTATA,0.39473684210526316
GATGTCGCATGGCGAGGTGCGTGGAGGGAGTGGTACGAGC,0.375
ACACGCAGTGACAGTTATAACGTGCAGCTAGAGCTAC,0.4
CAGCAGCGTCGAGAGGTAGCGGT,0.38461538461538464
CAGACGAAGGTACAATGAGGGAGGGGGGTAGATATGATGAGCG,0.3953488372093023
CACCCCAAGGTATAATAGACACAGCTG,0.39285714285714285
CCGATTGTATTATGGTCACTTTGGTAGCGTGGGGAGAG,0.4
CCAATAAGCGTAGGGTGGGAT,0.37037037037037035
GGAGCGCTTTAGCGTGTACAGGTAGGGTTATG,0.375
ACAACGTCCAGGGGGGGAGTTGCAACTATAGTGA,0.4
ACTCGGGCTAGAGTGGGGTCAGCTACCAAGCAAGTTGGCCTAGGA,0.4
TAGAGAGCTGGGGTGGTACGCAAGGTAGACGGGGAC,0.4
ACCAACATAGGTAGCATGATGGTTAGGGGAAAGGTAA,0.3783783783783784
TAGGTCGGGCTAGTCGACTAATGCGGTGGTGGAGAGCA,0.4
TACTAACTGGCTCGGTAGCGGAGGTTGCAGTATCGCTACGCAGTG,0.37777777777777777
CGTAGTGGAAGATGGATCTAAGCTCTAGGGGGCAAC,0.4
CCAACGAAACGGGGATGAGGTGCTGACAAGTGAGGTAGC,0.38461538461538464
GTGGTAGCCATAGATGAGGGAGGGGGAGCAAAGGGCTAT,0.375
GGGACAATCGTGATAGGGTGGTAGGGGTGCGGCGGAGGTAGATGAGA,0.3829787234042553
ACCAACATTGTTGTGACATGTCGAAATAGCGCACGTA,0.375
TCTGGTCGGGGTAGAGTGATAGGGCGTAGAGCAGAGTTAGGTATC,0.4
TCCATAATCAGTGAGGGGCAG,0.38095238095238093
CATCGCTGGTAGTGCGGGCATCCTGT,0.375
AGGGGGGTAGCGACCAACTACTGCTTGTTTCGCCAAGGCTTAGCGGATGAG,0.39215686274509803
TACGCGGATTGACCAAAGTACCGAGGGGGTGGTGATGCGGTAGGG,0.37777777777777777
ATAGCGTAGAGTGGCCAGGTGCGGGGGGGTAGAGGTA,0.39473684210526316
CGCTAGAATGCTAAGCTATAGTGATTGAGAAGAGCTCGTGCGGTTAGGGAA,0.39215686274509803
GGCTACATAGTCGAGTGGGTGGTGAGGTAACGTCGTCATAAT,0.3877551020408163
CAGCCCAGAGGTAGCGTTGGTAAGGTGCGGTT,0.4
GGCATGGTTGAGAGCTGAAG,0.36363636363636365
GTACGACGGCAGTAAGCGGTTAGTGATGTTTGTTGC,0.35
TAGGTACATTAAGAGTGCTGTAGCGTTAGCGGTCGC,0.375
CATCTCGAAGGAGTCATTATGGTAGGGTAGGGTGTAGG,0.39215686274509803
AGCGCGTGGTAACATGCGGGAGCACCAACGC,0.39473684210526316
TCTCAGAGGAACGGTAGCAGAGTGGGTGCTAGGAGGTAGA,0.35555555555555557
CATAACGTTTGATGGAGGGTAGTAAGGTAGTGCCGTGAG,0.3673469387755102
AGGATAGGTAGTGAGGAATGTACCGCAAGTGAGTGTCTCTTAGTCTCGA,0.3877551020408163
ACAGCTAGCAGTGATCGTGGTTTGAGTGGCTAATGTGATAGGGGCTTA,0.39215686274509803
AGGTACACGTAGAGGTAGTGACAGCACCAAAGTGAT,0.4
CTGAGAGTAGCGGTACAGGTGCTAAAGATGGATTACAGTGGGGCGTAA,0.36
TAGCTAGAAAGTGGGCGCGTGGAGAGGGTAGATAGGCTAGGATTGGTAGGA,0.39215686274509803
AGGGTACAGTGGGAAGGCAGTTCAGGTACATGGTAGGAAGGCAGGGAGA,0.3673469387755102
CAGGCGGTAGGGCGCTAGAAAGGGCAGCGGGGAAAGCGT,0.4
CCTCTCAGGTAGCGTTGCTGATGGTGAGGTGGAGCTGCAAGAGTGCGGG,0.3877551020408163
CCACCTAATAGAGGTTCTGCTAGGTGCGGTACAGCTGTA,0.375
CACTGAGGGGAAGGGGTACGCAAGGTGTAACTGGCACACC,0.4
TGCGAGCGATTTAGCGTGTGTGGGGTACGGAGTATGGGAAGTAGT,0.3111111111111111
TAGGCGGTGGTGGCAGAGATGCGCTAGTG,0.375
ATCAAGAGAGGAGCGGAGTGAGAAGAAGCGAGTGGAGGAGTGGCACGCGC,0.4
AGCTAGTTGGACCAGAGTGGGGTAGGCTACAGGGCTGGAA,0.375
GGTTAGCTGAGAGAGGGAGACATTATCCT,0.4
ACAACTGTCGGGTATGAAGAGGGTTGTGTAAGGGG,0.39473684210526316
TGCTGCGGAGCTCAGTACCAGAGAGAGTTGCGATAGAGGGG,0.3902439024390244
AACCGAGGGTTATGCAGTTAGGTGCAGGTAAGCGGCATTAGCGTAGC,0.3829787234042553
TTTAACTGCCAACATGTTGGTGGTGGAGGTAGGGTGACG,0.4
AAGCGAGTGGGCACGACCGCGAGTTTGCCGAGGGGGGA,0.35
GATATTATGGAGAGTGAGCAGAGTGAGGTA,0.375
AGCACGATCAAGTGGTGTAATATGTGTCAAGCGGTT,0.3611111111111111
CCCAGATACGATAGGGAGGTTTGACGAAGCAAAGTGCATGA,0.36585365853658536
CAGATAGGGTTAGGGTGATTAAAGAGTGTGA,0.3548387096774194
CCACGCAGGAGATAGTGACAGGTGCTCGAGGTGGTGTCCAA,0.4
ACAGTCGTGCGAAGGGGTATCGTAAGGTGACGCAAGAGGTA,0.3170731707317073
CGAGAGAGGTAGCGCTCATGACTACAGCTACCTATTTG,0.4
ACGCTGGAGGGCAGGTAAAGTAGCTATGGTGAGGTTCGAAGGCAGTCGCG,0.38
CGAAGCTGATGGGTAGGGGTTCCAC,0.3548387096774194
CACAGAGGGTAGGTGGAGCTATAA,0.375
TACCTATCCAACGTACGGGGGTTGGGGAGCAGAGGTGGCTG,0.3902439024390244
AATAGCGCGGGTAGCGTGCAGGACA,0.4
CGCTAGCAGGTGGTTAGCGGTGTCGCTAAGTAAGGGGT,0.4
TAGAGGAGTGCGGTCAGTGATGTTGGGTAGGTAGTGCGCG,0.4
CACGTACGTATGGAGGAGCGTAAGGTAGTGAGGTGGCA,0.3877551020408163
ACTATGTACATAGGGTGAGTAGGGAGCGGAATA,0.3939393939393939
ACTACATAGAGCTGCGAGCTAGCGTGCAGTGGGGG,0.4
GCCGAGCAGCTACAAAGGTGGGTATGCAAGTGTAGGTGTA,0.4
CACGTAGCCAGGAGTTGGATTTAACGG,0.37037037037037035
CTTATGACTCCAAAAGATACTCCAAGTTATGGGGTAG,0.375
GCCATGTGGTGATGAGGAGCAGTAAGAGTGAGGGTGCGGAT,0.4
GGGTAGCACAGCGTGGGGTC,0.4
CGTCGGGGGAAGCTAAATGGTTCTCTCGTGGTGTATCTGTGGCACGCT,0.3958333333333333
CAAGTGGAGTATCAATCCGCTTCGCGGAGGTGGGCAT,0.375
GGTGGAGGCGGGTTCGAGTAT,0.38095238095238093
CACGTGTAGTAGTGATAGTAGCTAGAGGAGCCAGTGTCTGC,0.38
CGTTAGGCCAAGTAGAGGTGCGTGCCTTC,0.3870967741935484
AGCAGAGTGGGCTTAAAGGGG,0.38095238095238093
TCTAGGGAAACTGGGGGTCGAGTTTGGTGGTATAGTACTACG,0.38095238095238093
GCGGTGCCAGTAGTGGAGGCTAGTTAAATAATCGGC,0.4
GTGGAAGTGTATCGCTGAAGAGTTAGGTTGCGGAGG,0.3902439024390244
TCCAGCGCAGTTAACTGGTAAGACTGTCCA,0.36666666666666664
TTACAGGATAGCGGGGTTTAACTGTTGATAAATGGTGG,0.4
GTAGTGAGGTGATAGGGTTGAGAAACAGGGAGTAAGGAAGGGG,0.3953488372093023
CATGGCGTAGTGAGGTAGGGGG,0.3181818181818182
GGGGGCTACAGCGCGTGCAGG,0.38095238095238093
CCGGTAGCACGTTCCCAGGTCC,0.3181818181818182
TCTATGAGCTGTGCGGGATGTAATACCAGTC,0.3888888888888889
GTAAGAGGTGCGCACAGCTCTGTGAGCGCAAGGGGGGGTAGTGTC,0.4
TCTATGTTCCAGAGTGCGGTCGCATGTTGGT,0.4
ACCGGATGGGGTGACAGATGCAGCGTAACTC,0.375
ACAGCGTGGGATGGCGAGATAGAGTGACGTGGTAC,0.39473684210526316
GTGGTAGCGCTTAGAGTGGGGCAGCTAGATGGAGGCAA,0.36585365853658536
GTCTCGGCTGCACCAGAGAGGGCGAAGAATCAAGAGGGTCT,0.3902439024390244
GCAGTAGCACGGCAAGTGGAGGGAATAGCATGCCCGTCGTATGT,0.3409090909090909
CTCTCGATAGTGGATGAGGAGGTTTAAACGAGTGAGGGTT,0.3958333333333333
CAGACGCAGGTAGTAGAGGTGGCAAGTTGCTTTATTATT,0.3333333333333333
TTCGAGTTACCGTAAGATAGCGTTTTG,0.37037037037037035
CACGAGAGCAGAGTACACTAGCGGGTAGGCCAGA,0.375
AGTGGCGTAGAGAGGGTATGGCGCACGTGGGACGGAGGTGTTAATGGCG,0.3877551020408163
GCTATATGGGGTTCGTAACATCCACCATGTGGAGGTCG,0.375
CGTCGATTTAGACTGGGAGTTACGAGCGGGTA,0.4
TCCCATCGTAGTGAAGGTACTGGGGAGGGTCAGATAGTAA,0.3333333333333333
ACGTACAGTGCAGGTAGTTGAGTGGGAGTTGAGTGGCGGTACA,0.3953488372093023
TTGATCAAGGCAGCGCAGGGGTGTGGATCTTAGTTAG,0.35135135135135137
GCGTGAGTGCGTGGTATGAGGGTTCTGATGAGC,0.3939393939393939
GGGTGGTGGTACGGAGTTCAGGT,0.34782608695652173
GCGAAAAGCATGGTTACGTGG,0.38095238095238093
AAGAGGTGGGTAGTAGAGCG,0.4
TATCGGGCAGTGGGAGTGAGTTATAGGGAGACTATTAAGGTATCGT,0.391304347826087
CCAACGTATAGGGCTCACGCAGGTTGAACTGATGGAGCTAGTATCTCGTGTTATG,0.4
TCCAGCATTACGCAGTAGCGCAGGGGGGGTCTAGGAGCG,0.4
CCAGTCATCTTGTTAGATACGCCGTTTGGAGAGGCCCT,0.4
TAGGTAGGGGAAATGTACAGATAGGCGACAC,0.4
ACCAATATAGGGATGTGACTCTAATATG,0.39285714285714285
AACATAGAGGAAGTATAGGCGCGATGAGAGGCAGGGTACGGTTGTCAG,0.3958333333333333
GGGCAGGTAGGAACTAACGGGAGTGCGGAGAGCGAGAGT,0.4
TATCTCCAATGGAGGTAGGGTGAGGGGGTATTCCTG,0.4
TACACTGTTAGGGTAGAAGCGCGAGATGCATGCATTTAGG,0.4
GGGTACGTTATAGGGACGCGGGGCCGGTGATGCGGAGT,0.4
GGAGGGGGACTGGGGCAGGAATAGCGGTACGGTTGACGTAG,0.3902439024390244
TTCACGTGGTGACGGGGTTGTGGAGAGCGTAGCGAGGGATTAGGCCGGTAT,0.39215686274509803
CTAGGGTAGTGAAGGTACCAAGTGGTAGCTGA,0.4
CATGTTCGTAGTGAGAGTGTGAGGAAATGATGGTAGCT,0.3333333333333333
CATCCACGGATTAGAAAGCGTTGTGAGTTAATGGGGTGTGGCGTTATGGCTCG,0.37735849056603776
GCGAAAGGGTTAGTGTGGTGTAAGGTAGCATCAAGGCGAT,0.4
AGGATCGTGTTAATAGAGGGGGTGGGTGCACGTAATGATTGCGTCGATTA,0.4
GGGAGCGCAGTAGTGGTGTACTCGTTTT,0.39285714285714285
CGGTAGGGAGTGGCTAAGGGGTTGCAGCTGAAGGTCACTGAACGA,0.35555555555555557
CCAGAGAGCAAGGCCGACAAGTGTTACAGAAGAAG,0.4
CCAGCACGAAAGCGCGGGGTTCCACGCTGATACGGTGCA,0.4
GGGGCGGTAGAGCGTGGGTGGGGGTCGATAGCCGGGTGCGGTA,0.3953488372093023
ACGAGCGAGGGTGCGAATAGTGTTGCAACTAGTAGGGA,0.375
AGCCTACATATCGATGTGGTAAAGGGAGTGATA,0.3939393939393939
TTTACCAGGGGTGCGGAGTAAGGTAAGAGTGGAGGTT,0.3783783783783784
GGGAAGGGCGTGTGGCAACTCATGTACTAAAGGGGGCAT,0.4
GAGTGTGTGACAAACTGGCGGGTAGTGATGTAATC,0.4
ACCAACCAATGCAAGGGTCGCACAGTTAGCTTCGCTTATCA,0.34146341463414637
GGCTAGGGGCTATTGTGAGGGCTGCT,0.38461538461538464
AGCGCCGAGTTGCCGTTATGCAGTATGCAGGGTGGAACGCTAGCTGGTAG,0.4
GGCTTTTTTTAGAGCAGGTAACGGGTCGCGTGTTCCAGGGTGCAGCATGGAGGTA,0.36363636363636365
CGCGAGTGGTAGTGCCAACAGCTTGTGAT,0.4
TAGCGGAGTTTAGGGGAGGTAGTGAGCAGGAACGGTGCGCTGCGAT,0.391304347826087
CCAACCAGCTAAATCCAAGTAGGTAGAAGTGCGGG,0.4
GAGGGAGGAGTGAGTAAGGTTAAGTATCGACATAAGCTACGCATAG,0.391304347826087
CGCGAGTGGTGAGAGCGATTTGTCACTACCAA,0.375
GGCTACAGTCTAGGTGGGCAGTTTGCTTTAACCTCCTTTTGC,0.38095238095238093
TATTGCCAAGTGAGGTACCAGCCTAGTGCTGGAGCC,0.4
AGGCTGCGCTAGGCAAAGGGTGTGAGAGAGGTAATGGTGCA,0.36585365853658536
TATCCCACAGTTATAGTGATAGCTAA,0.3333333333333333
GCGATGGGGGTCCAAAGGACTTAAAGGGGCAGAGTAGAGGAAGCGGTA,0.3958333333333333
TGCACTAATAAGGGCGTTGCAGTGGGGGGAGTGGTGTGACAT,0.35714285714285715
CCAGGGAGACAAGTGGTAGTGGGAGGAACGA,0.375
AGGGTTTAGAGTAGGGGGATTAGGATAAGAAGTGGCAATAGCGTAGTG,0.3958333333333333
TAGCCTTACTGGTGTAGGCAGAGGGTGCGATGAGGCTAGGA,0.3902439024390244
GCGTGCAGCTTACCCAGGTGGTCTGATAGTGCGGG,0.3333333333333333
AGGGTAGGCGACAGAGTTAGTGAGCGTGGTACGTCCC,0.3783783783783784
GGTGCGAGGTGGTGCACGTGTATTGCCAGGTTAGGTAGCAGGTTTC,0.391304347826087
CAGGTAGGGCTCGAGATGTAGTGGCAATGCAGTGATCAAGTG,0.3958333333333333
ACCAACTGGGATAACATGTGAGTTGGTGGTACGC,0.38235294117647056
GGCTTGCTGAACTGGAGGTACATGGCATAGTAGCGGGTGGGTGTGGC,0.3877551020408163
TCAGCTGGAGCAGTAGGGGTGCGCTGTGCTGTTTTGACTGTCATGGA,0.3829787234042553
AACACCGTAGGAGGGCGTCTCTCTA,0.4
TGGGTAGGGAATGCAGGAGTGCCCA,0.4
CAGCAGCGGGTAATAGGGTATAGCATGGGGTA,0.3902439024390244
CTAGTGCTAAAGCAGGGCGAGGGCCAGATTAGTGGAGCCAAA,0.35714285714285715
GGGCAGGTAGTAAAGGGGGCGAGGTTGGTATGGCACGAGCAGTG,0.3877551020408163
GGCTAGTGGTGAGTGTGTAGGCTTATATCGATACTCCTC,0.4
GCGACGAGGTGCGGGGATTGTGTTGCATGTAACGGTA,0.4
AAGCAAGAGTGCGGGTAGATGCAGTAAGGTAGTGATAAC,0.4
TACAGAGCTGCAGCGAATTGTGAGGAATACAGTGAGGGG,0.38461538461538464
AGTCCAGCGCGGCAGAGCTAGAGGGAGTAAGGGTAGCGCTAAGCGTGC,0.3958333333333333
GCTACGGTAAGGGGAGAGGTGGCG,0.3333333333333333
CATGTAGAGCAATACTTATTAATTGGAAAGGGGAGGT,0.4
TAGAGCGCAGTGGAGTACAGGTAGCAGAGGGGTATGC,0.4
AATGTAGCACGAGGGGGGTAGGGAGGCTGGTGTTAGGTAGT,0.3958333333333333
CACGAACAGCAGATGAAGACCATAGTAGCGTGGTTTGAGAGGCGCTGAGTTAG,0.39622641509433965
TAGCAATAGGGAGTCTGATTGAGATGTAGGTAAGGT,0.3611111111111111
CCAAGGGTGGAGAGTAACAGTGAGAGGTACAATAGGGATAGGGCCTGCCTAAG,0.39622641509433965
TATCTTAGGAGCTAACGGTTCTGGCACAGACCATTTCTTCCCCTA,0.39215686274509803
CACGAGATAGTCGAGGGTAGATTAGCGTGCAGGTTTAAC,0.4
GGGAGGGGTCGATTGGTCCTG,0.38095238095238093
ACCAAGGGGTAGGGATAGAGCGAG,0.375
ACCAAGACCAGAGTGGCGTCAT,0.3793103448275862
ACACCCAGGGAGTGAGTGGACGGTAGGGTAGTAAAGGTAGCTCTGGTTAG,0.4
AGGGCGCTCCAGAGCGTCAGGGTGTCTCCGA,0.375
TACGTCACAGACAGTGCTAGCGGGTAGCGACAAGAGTTAG,0.4
AGCACCTATGTGCAGCGCTT,0.34615384615384615
CATAGCAAGGCTTAGGGGGGT,0.3870967741935484
CACGGTGTCGTCGCTGAGGTTCCGTTGTCATCCTGC,0.375
GTCACCAACTATTGTTAGGCGCTAGCAGGTTGC,0.36363636363636365
CCTCAATGAGGGGTAGACGGGCTAAACTGGTA,0.4
ACGTCGAGTCGAGTGTTAGTGGGGAGTAAAGCGGCGGTTAGACAA,0.4
GGGTATCGAATAGAGATGGATTGGGGGTGATCCCAGCAACAAGA,0.38636363636363635
CACATATAGAGCTAAGGGATGAGGGTGGT,0.375
CGCTAAGGTGCAAGAGGGATAGCGGGGGAGGTAAGCTAGGTG,0.4
GGGAGTTGCGTGCAGACAGAGGTGCCAATAGCTG,0.4
TCGTGGATAGAGGTGGCGTCCAGGCTCGCTAAGGTG,0.375
GGCGCATAGGGATGGAGACATGCCAGCAAGTGTGATAG,0.4
GGGAGCAAGCAGCACAGCTAGGATGTG,0.37037037037037035
TACAGTTAGTGAGACGGGTTAGAGATACGTTGCG,0.4
ACCAACAGGTTGGCGCTGAGGGTGCTGTCTTATTGTG,0.32432432432432434
CGACTTGTTGTAGTGTGGGTCGGGAGGCACGGTAGG,0.39473684210526316
TCATCCTGATAGTGTTTAAGGGTGCGGGGGGAGGCGGTACG,0.3902439024390244
CATGTTGGTTGTGCAGGGGTTGGGAGCCAGGTACGAGCGG,0.375
TTGCGCAAGTCAGCGTGTAGGTGCTAGGGTAAAGAGTG,0.39473684210526316
GGGGTGCAGGAGGTAACGGTGTGTAGGGATGGGGGTGACG,0.4
CGAGAGCGTATGGAGCCAGTTGGGGCGTAGGGTGCGGA,0.375
AAGCAGTAGCAAACTTAGGGGTAGGTAACGTGACACATCGGTTAT,0.4
CTAGTGTGGCTAGGTATGTAGGCTTGCGTG,0.4
CATATACACAGGGGGGGCGATAGGGTAC,0.3870967741935484
CAGATAGGGCGGAGGTGATGTGGGTACGAGCT,0.4
ATCGTGTAGGTAGGAGGGGCGTATCTAGTTACCAGCAATGAGGTGTCGGT,0.4
TTCAGGAAGGGAGAGTGATAATGGTGGAG,0.3793103448275862
CGCGAGATGGGGTGGTGGCGCTCACTCAGAAGCGGA,0.3902439024390244
TATAGTCAGGGTTAGCTGGAGGTGGTGTGGTAT,0.4
GGGGTGGTGGTTGGGAAGAGAGGGAGTGAGGTTAGTT,0.375
CGTATAGTTAAGGAGCGTGTCGTGAGTGATCATAACTGGAGAGAGCGA,0.3958333333333333
ACAGGGTGCAGGATACTGAGACGGCATGGTCTGTGCGG,0.4
CTCGAGATAGTAATGTAACCAAGTGAGGTAGTGTTGTGGAAA,0.38095238095238093
CAAGCATGGGGATGGATGGGTAGGAGCGCAATCAAGTCAGGGACTGAGGTGTCAG,0.4
GGGAGAGGGGTACTGATAGCTTAGCGTAGCGGCTAGGACTGTGATGCT,0.3958333333333333
TACAGGAGTGGACCAAGCGAGAGTAGCCAAGCGCTTACTGTCAGA,0.4
GCGTAAGTGTGGTGAGGTACCACATGGTGAGGGTGGTAG,0.38461538461538464
CGCTACATTGGCTGGAGATAGTGTCTGTATGGCTTGTGG,0.38461538461538464
AGAGGGAGGTACGGAGCGTAATCAGCAAGCACAGGTAAGGGGGTCA,0.391304347826087
GGTATGGGTTAGCGTTGTCGTTTGGTAGAGTGGGGATGGTGCG,0.38461538461538464
GCAGTGAGTTAGTGTAGGATACCTCCTCG,0.4
CACAGGGTTATGGATAACGGTCAT,0.375
TCGACCAAGAGATGGTGTGCGTATGACGT,0.3870967741935484
TCCTTAACAGTGCAGGGTTGAGCGTGTTAAGAGGTGGGTA,0.375
GTGACAGGACTGGCAGGGGGAGTGTTACATAGGTGCGTGA,0.4
ATACGATTGGGTTTACTGATAGAGTGCGGCGCAAGGTGA,0.4
ACCAACACAAGTGAGGACCAGAGGGCAAGGGGTGCAGCTTGAAT,0.38636363636363635
CCACATGAAAGGTGGTGATGAAAGCTGGCGCTAACT,0.39473684210526316
TGGCAGGCTATAGGGCTTAGAGGGCAGTACGTGGC,0.37142857142857144
AGGGACGAAGGTATGCGTCGCCAATAGAGGTGGAGGTGAGGG,0.38095238095238093
ACGAAGTGGCGAGAGCGGTAAGCGCATTCTCAGGGATCCAT,0.3469387755102041
TCCATGTGGGTCTGGAGTTATCTACTCCTATCTCATGGAGGGTAGC,0.391304347826087
TGTTCTTGCTCTACTTTCGGGAGGGTGTGAGGTAGTG,0.4
GCGGTAGACGTACCAACGGTGTAGCCTAATAGTGAGGATGGCGAAG,0.391304347826087
CCGGGAAGTGCCGAGTGATGGCAGGTTGCTAACCAAT,0.4
GAGAGTGCAAGCACAGTGCAG,0.38095238095238093
TAGGTGGTAACTGCAGTGGTGAGGAAGGTATTGCACA,0.4
TCCCAGAGGGGCCAGTGATGGGGGTACAGCGCATATGGTATGACTCGT,0.3877551020408163
CATCTCGAGCTACTTCGTGGGGTAGGGAAGTCCC,0.38461538461538464
GCCGCGACCAGTTATGCGTCGGGAATAGGGCAG,0.4
CATCTCAAATAGTGTGCGGCTGGAACATCCAATGGCATGAAAGTGGCGG,0.4
TATGTGAGGCAGTGAGGGGTTAGGTAGGACAGGGCGACAGGAGGAAGGGTC,0.37254901960784315
CAAGGAGGTAGGGAGGGTAGGGTGCGGATGCTCTCCC,0.4
GCGGTAGGGAGTGTGGCAAGTTAGATTAGTCTGAGGTATGGAGTCCTAGAG,0.35294117647058826
AGCTAGAGCGAGGTAGGTGGTATAGGGTTTGAGGTTAG,0.375
AGGACGGGGCTACAGGAGAGCGGAGCTAGCCTGAGGCAGATAG,0.3953488372093023
AGCGAGTGGTGATGAGGGTGGTCAAGGTCCAGTTTTACGCGAGTG,0.4
CTTGTTGTGTCTGGAGAGCGTGGTAGTGAACTGTAGG,0.3877551020408163
TACGTCGAGCAGCGATTCAGGGAGTTAGAGTGTCTCCTAC,0.375
CTCTTTCCCCAGCAGCGGGTAGTGGGTATTCCAATCCGTTACTGAGGGGGT,0.39215686274509803
AACCAAGCGAGAAGGGGGTCCGTGCTGAGGTGTCGCTAGCGAGAAG,0.3695652173913043
TACAGTGGTAGGGGGCAGCGC,0.38095238095238093
ACGATACGGTGAAGAGGTAGGGTGCATGTCTCCTTCACGT,0.4
GCTAAGGGAGCGCGTGGTAGCGACTGGTTAGGGTGGATGAACCAG,0.4
CTTGCGGTAAGGCAGCGCTAGAGATTCTGGTGCCAGAGGA,0.4
CACGTGCGGTGATGTAGCGGGGAAAGGAAGTTATAGTCGACGGGATTCCAAT,0.38461538461538464
GTCAGTGAGGCAGTCAGAGGAGTGA,0.4
CACCGATCGTGGAGTAGGGTACGGATAGCCACACAT,0.4
TAATCGTGGTGTACTGCGACCCATTCATCTAC,0.4
TCTCGAAACAGGTATGGGCCCAGATAGGACGAGGGGTA,0.375
CCACGGACAGACGAGGTAGAGTTAGCATCAACCAGCT,0.4
CACAAACTAAGGTAGGGGTGA,0.38461538461538464
GGCGAGCGGGCTCAGGTGCGT,0.36363636363636365
GTCAGCATAGTGACGAGTGTGCCAAGACTATACCGAGATA,0.375
GCGATAGCAGGAATAGGGCGCGAGTTTAGCTCATGGTATT,0.4
ACGAGTGTGGCTGTAGTGTTGGAGATTTAGTTT,0.3684210526315789
TTCAAGTACAGTGTTAGTGCATGTTTTGCCATAGTGTG,0.35
ATAAGGCAGCGAGCACGGTGTCCAATACCCCT,0.4
AGCGTCTCGCGAACACAGTGAGGGTTAT,0.39285714285714285
ACCAACGCAAGTGTGTAATGATC,0.3448275862068966
AGGCAGAAGGCCGAGTGCTGGAGTAGGGAGCTAAGTAAGTGA,0.38095238095238093
TACGCGAGGCACGGAGGGAGCGCTATTTAGGCTGGT,0.4
TGTACTGGCTAGGTTGGCGACGGAGGCTGAGAGGGGTCA,0.4
TAGGTCAATACAGTGGTACGGGCGTGGGGAGGGCCAGCGGTA,0.38095238095238093
TAGGGCTGCGTTAGGGAGGATTGGAGGTGATACGTAGGTGGGCTA,0.3877551020408163
TTCTACGTGTGGTGAAAGGGGGTCTGATAAGGTAGTTGG,0.3877551020408163
CCAGTAGGTACCGTAGGGCAGAGGGGCTGTCCACCTGCCAAT,0.38095238095238093
ACGGGCGGGGAGAGGTACAGATGGTAGCGCACGTGCAGAGGAGTGTTAGACGG,0.39622641509433965
ACCAACCTAAGCGTGCTATGTTAATCAAGTCA,0.375
GACGCAGGGCGTGATACGCCC,0.3870967741935484
ACTAGCAGTACCGAGTGCCAACATAGTGGGGTGTGGGTT,0.4
GAGCAACTCGCATGGAGCGTAGAGAGTAGGGGCTAGCGTTGCGTGGCGAC,0.4
CAGCTCGTTGATTGAGATTGGAGAGGGTAAAGAGTGTAGCGGTTAG,0.34782608695652173
CCAAGTTTGAGCTCGTAGTGTTATTTTTCT,0.4
GCAGCTAGGTTAGGAGAGCGTGAGGTTTC,0.3448275862068966
ACAATAGTGAGCAGCGTATAGGGTTGCA,0.35714285714285715
GAGCTGCATGAACTGCAAGTGCAGGGTTGAGGCATCTCT,0.38461538461538464
GCAGCGTGGTAGTGTAGTGGATCAGAGTTTCGGGGCAG,0.4
ACGTAGCGAGTGGCGTAGGGAGGGTACGCCTA,0.3684210526315789
CGCGAGCGTGGAGAGGGGTTGGGGGCTGGTAGCAGAGGATGTAGAGCG,0.3958333333333333
TTAGGGCAGCTGGTGGTGCGACAGTCTA,0.35714285714285715
ACATATAGGGCGTGGTATAGTGTCCGGCTAGTGC,0.4
TCCAGGATCGACAGCGTCATACGGAGGTGTGTAGA,0.4
TCCATCTTAGCGTAGTGGAGGAACTAGTGTTAGGTTGAAGGAGCTAACGTCT,0.38461538461538464
TAGCGGCAGGTTAGCGAGGGAGTTGCTGTGAGCGTGTTA,0.38
GCCACAGGAGCTGGTATAGAATAGTGTGGGGAGGAGCACAGG,0.4
ACCCATGCTATTGTAGTGGTTTGTAGGGGTAAGTA,0.4
TCCATGTGGAATGTCGAAGGGGGGAGTGGTG,0.3684210526315789
CAGGTGATGAAGTGAGCCACATGGTATGGAGGGGTCT,0.4
TACTTAGCAGGTTGGAGTTAATTCCAAGGGCGGGG,0.375
CCCTAAGCGGTAGTGTAAGGTTGTTGTGATCCAG,0.4
GGGCAGGATAGAGCGCGAGTGATGCC,0.38461538461538464
ACGGGGAGCGTCGATGGTTGATTAGAGGTCGCGAGGAACA,0.4
GAGTTAGCGGAATAGAGTGAGTTGGGCAACCGTACCAAC,0.38461538461538464
ACTATTAACGAGAGTGGGGTTTGGTGTGGGGATAGGTA,0.375
GACTTTGAGGAATAGTCCGTTTGCGAGAACGGGTCATAGAGCA,0.3953488372093023
CATAACTTTGCAAGAGTGTGGGTGTTGGGTAACCAGTA,0.39473684210526316
GCAGGTTGGGTAGACAAGAGGGAGGGAAGCAATACAGTATGGGTGGAGCA,0.4
TCCATAGGCTGAGCGCGGTATAGGTGATGCGGAAGTAGCGCGACGCTCCT,0.38
GCGAGCGAAGCGGAGCCAGTTATGTCTGATAGCATGGTAT,0.375
ACGCAGGGGATAGTGTAGGGAGCTGGGCATGGAGTAGCGTGCA,0.3953488372093023
ACCGCGAAGCGGTAGTGATTTAGGTTAGGGGTATTGCGTGTAGCCAGGTCAACG,0.3888888888888889
AGAGCGGGCGTGGTTGGGGGAAGGGGTAGGGAGTGGGT,0.39473684210526316
CATGGGCTAGGACTTATAGTAGCTAAGGGGTGGTACAG,0.4
GGCATAACAAAGTGAGGTAGCAT,0.34782608695652173
CGCTAGCGTATCCACGAAGAGATGGACTGGTAGTGC,0.3902439024390244
GGGGAGCTGGAGTGATGGATCAAGCGCG,0.4
CACACTCAATGGTGATACGTCGATAGTGAGGTGAAGCACGT,0.3902439024390244
GGCATGGCGCTAACAGAGAGCGTGAGGGAGCTTATA,0.39473684210526316
CAGGTAGTGTAGCCAGAGCGCAGGTTCAGGCGGGGTTACTATTTTCGC,0.3958333333333333
CAGCTTGCGTGCGTAGGAGAGGGAGTAGAGGGGTACC,0.375
TAGAGCCGGGGAGGGGTAACGCA,0.391304347826087
CCGAGGAGTCTGGTAGGTGTCGTAGGAGTGGCGGCTG,0.4
AGTCTGGTGCGTGAGCACAGGGTGTGTGCGAATATCGC,0.39473684210526316
GGGGAGGGGCAGCAGAGGGAGATGGCTATAGTACGGCTGTAAGCTCAG,0.3958333333333333
GTAGGGATAGTGATCCAGCTGGAGTCAG,0.32142857142857145
TAGAGCAGTTCGATGGAGAGTAAGGTTGGTGGCTCGCAT,0.38461538461538464
ACCAAGAGCTCAGGGGGTAGAGCGTGAGAGGTAGCAGCGCGGCAG,0.4
GCTAGAGAGGCTAGTAGTGGCGTCT,0.3793103448275862
TATAGGTGATGGGGGTACAGAGTG,0.3333333333333333
TTGCTAGAGGGACAGCGCGGGACAGAGGAACGTAAGTGATGGG,0.3488372093023256
AGGAAGCGGTAGTGACGTTTCCTGGGGAAGTGGGAGGCCAGCGAA,0.4
CATAATGCTACGGGCTCAGAGGGTAGCGAGTTA,0.3333333333333333
CAGGCGGTGGGATAGCAGGTGGTGGTAT,0.35714285714285715
GGCTTTAATAGAGAGGGGGTTAGGGTCGACAGGTCG,0.38461538461538464
TACAGGGCGCGCTGAGTGTAAGCGAGAGGC,0.4
TAGCAGTGGGGGTAGGGTACG,0.3333333333333333
ACCACAGGGCTAGTTGAGCGGGAAGAGGGATAGGGG,0.375
AGGGTGTAGGTGGAGTGCAGCTAGGGTCGGGTC,0.4
