core_index,catalytic_core,target_id,site_id,cleavage_pos,cleavage_dinucleotide,left_arm,right_arm,left_arm_len,right_arm_len,left_tm,right_tm,left_tm_delta,right_tm_delta,dnazyme_5to3,dnazyme_len
0,TCCAATTGAGTGGGGAAGCGAGTAGGTAGTAGCAGAGAG,T2,T2_site1,30,GU,CTACGCCA,CAGCTCCAA,8,9,34.449,36.798,2.551,0.202,CTACGCCATCCAATTGAGTGGGGAAGCGAGTAGGTAGTAGCAGAGAGCAGCTCCAA,56
1,GTGGTGAGGGGTGTGCAGTTACGAGGTAGCAGAGGGTTCAGAC,T2,T2_site1,30,GU,CTACGCCA,CAGCTCCAA,8,9,34.449,36.798,2.551,0.202,CTACGCCAGTGGTGAGGGGTGTGCAGTTACGAGGTAGCAGAGGGTTCAGACCAGCTCCAA,60
2,CGGCCAAGCAAGTTGCGGTTCAAGGGAACAGTGGCTCAGAGCCTA,T2,T2_site1,30,GU,CTACGCCA,CAGCTCCAA,8,9,34.449,36.798,2.551,0.202,CTACGCCACGGCCAAGCAAGTTGCGGTTCAAGGGAACAGTGGCTCAGAGCCTACAGCTCCAA,62
3,TAGGGTGGTGGTGCTTTAGCGTACAGGGCC,T2,T2_site1,30,GU,CTACGCCA,CAGCTCCAA,8,9,34.449,36.798,2.551,0.202,CTACGCCATAGGGTGGTGGTGCTTTAGCGTACAGGGCCCAGCTCCAA,47
4,TAGGGAGGAGGAGCGCAAGTGACGGCTGAT,T2,T2_site1,30,GU,CTACGCCA,CAGCTCCAA,8,9,34.449,36.798,2.551,0.202,CTACGCCATAGGGAGGAGGAGCGCAAGTGACGGCTGATCAGCTCCAA,47
5,GCAGAGCGGGTAACGCAAGAGTAACGTGTGGGAATGTGCCAGGAGCAAGTGGACA,T2,T2_site1,30,GU,CTACGCCA,CAGCTCCAA,8,9,34.449,36.798,2.551,0.202,CTACGCCAGCAGAGCGGGTAACGCAAGAGTAACGTGTGGGAATGTGCCAGGAGCAAGTGGACACAGCTCCAA,72
6,GAGGGTATAGGAGTGCAAGAGCGTACTGGTAGTGCGAAGGGTGATGCA,T2,T2_site1,30,GU,CTACGCCA,CAGCTCCAA,8,9,34.449,36.798,2.551,0.202,CTACGCCAGAGGGTATAGGAGTGCAAGAGCGTACTGGTAGTGCGAAGGGTGATGCACAGCTCCAA,65
7,CCGGAGATAGCCATGTACTGAAGTTAAAGCGCAGGGAGTG,T2,T2_site1,30,GU,CTACGCCA,CAGCTCCAA,8,9,34.449,36.798,2.551,0.202,CTACGCCACCGGAGATAGCCATGTACTGAAGTTAAAGCGCAGGGAGTGCAGCTCCAA,57
8,ACCTACAGCAACAGGTATAGTGAGGTGGGTAGGGTAGGATCGGA,T2,T2_site1,30,GU,CTACGCCA,CAGCTCCAA,8,9,34.449,36.798,2.551,0.202,CTACGCCAACCTACAGCAACAGGTATAGTGAGGTGGGTAGGGTAGGATCGGACAGCTCCAA,61
9,CCACAGGGATTGTAGTGCGTGTCGGGGTAAGGCTAGGGTAGAGGGTATG,T2,T2_site1,30,GU,CTACGCCA,CAGCTCCAA,8,9,34.449,36.798,2.551,0.202,CTACGCCACCACAGGGATTGTAGTGCGTGTCGGGGTAAGGCTAGGGTAGAGGGTATGCAGCTCCAA,66
10,TCATGTGGGCTGAGCGAGCGTGTTGAGATAGGTAGCGG,T2,T2_site1,30,GU,CTACGCCA,CAGCTCCAA,8,9,34.449,36.798,2.551,0.202,CTACGCCATCATGTGGGCTGAGCGAGCGTGTTGAGATAGGTAGCGGCAGCTCCAA,55
11,ACCAGCGAGGTTGTATGGCAACAACTACGGAGAGTGGGTAG,T2,T2_site1,30,GU,CTACGCCA,CAGCTCCAA,8,9,34.449,36.798,2.551,0.202,CTACGCCAACCAGCGAGGTTGTATGGCAACAACTACGGAGAGTGGGTAGCAGCTCCAA,58
12,AGCAGGCTGCTGAAGATATAAGCGGCTAGGGTTTA,T2,T2_site1,30,GU,CTACGCCA,CAGCTCCAA,8,9,34.449,36.798,2.551,0.202,CTACGCCAAGCAGGCTGCTGAAGATATAAGCGGCTAGGGTTTACAGCTCCAA,52
13,GCATGCCAGTATGGGTGTGGTTAATAGGCTACGGTAGGATAGG,T2,T2_site1,30,GU,CTACGCCA,CAGCTCCAA,8,9,34.449,36.798,2.551,0.202,CTACGCCAGCATGCCAGTATGGGTGTGGTTAATAGGCTACGGTAGGATAGGCAGCTCCAA,60
14,GCAGGGGGGGCGAGTAATAAAGCTAGTGTCGGGGATTTGACGTTG,T2,T2_site1,30,GU,CTACGCCA,CAGCTCCAA,8,9,34.449,36.798,2.551,0.202,CTACGCCAGCAGGGGGGGCGAGTAATAAAGCTAGTGTCGGGGATTTGACGTTGCAGCTCCAA,62
15,GAGGTAGAGCTGTGTTGAGCGTAGCTATGAGTAGTGCTAT,T2,T2_site1,30,GU,CTACGCCA,CAGCTCCAA,8,9,34.449,36.798,2.551,0.202,CTACGCCAGAGGTAGAGCTGTGTTGAGCGTAGCTATGAGTAGTGCTATCAGCTCCAA,57
16,GCTAAGGAGCGGTATCAAGAGCCAGGAGTGGGCAATAGCGTAGAGGTCG,T2,T2_site1,30,GU,CTACGCCA,CAGCTCCAA,8,9,34.449,36.798,2.551,0.202,CTACGCCAGCTAAGGAGCGGTATCAAGAGCCAGGAGTGGGCAATAGCGTAGAGGTCGCAGCTCCAA,66
17,GCGTGTCAAGAGGAGTATCGATCCTATCGCGTCG,T2,T2_site1,30,GU,CTACGCCA,CAGCTCCAA,8,9,34.449,36.798,2.551,0.202,CTACGCCAGCGTGTCAAGAGGAGTATCGATCCTATCGCGTCGCAGCTCCAA,51
18,ATCAGTAAGGTAATCACGCCAAGCTACTGTAGTGAGAGAAGTACTCGCAGA,T2,T2_site1,30,GU,CTACGCCA,CAGCTCCAA,8,9,34.449,36.798,2.551,0.202,CTACGCCAATCAGTAAGGTAATCACGCCAAGCTACTGTAGTGAGAGAAGTACTCGCAGACAGCTCCAA,68
19,TCGTGACAGCAAGGGCAAACAGTGGGCACGGTTAACTCTGAGGTG,T2,T2_site1,30,GU,CTACGCCA,CAGCTCCAA,8,9,34.449,36.798,2.551,0.202,CTACGCCATCGTGACAGCAAGGGCAAACAGTGGGCACGGTTAACTCTGAGGTGCAGCTCCAA,62
20,GGGCTAGGAGGCATGTGATCGTGGTACGATGGGGGTGATAG,T2,T2_site1,30,GU,CTACGCCA,CAGCTCCAA,8,9,34.449,36.798,2.551,0.202,CTACGCCAGGGCTAGGAGGCATGTGATCGTGGTACGATGGGGGTGATAGCAGCTCCAA,58
21,GAGGAGGGTCGATCGAGTGGGCAAGTGAGGGGTGCAGGTAGGGG,T2,T2_site1,30,GU,CTACGCCA,CAGCTCCAA,8,9,34.449,36.798,2.551,0.202,CTACGCCAGAGGAGGGTCGATCGAGTGGGCAAGTGAGGGGTGCAGGTAGGGGCAGCTCCAA,61
22,ACAGCTATCGAGCACGGGTGGAGGTGCGATGGCGGGG,T2,T2_site1,30,GU,CTACGCCA,CAGCTCCAA,8,9,34.449,36.798,2.551,0.202,CTACGCCAACAGCTATCGAGCACGGGTGGAGGTGCGATGGCGGGGCAGCTCCAA,54
23,GCAACACTTATAGAGGGAGCTG,T2,T2_site1,30,GU,CTACGCCA,CAGCTCCAA,8,9,34.449,36.798,2.551,0.202,CTACGCCAGCAACACTTATAGAGGGAGCTGCAGCTCCAA,39
24,GAGTGCAGTGACGGTTCGGTCCTGTAAC,T2,T2_site1,30,GU,CTACGCCA,CAGCTCCAA,8,9,34.449,36.798,2.551,0.202,CTACGCCAGAGTGCAGTGACGGTTCGGTCCTGTAACCAGCTCCAA,45
25,ACACCGGCTGACCAAGTGGTAGAGAGTAATGTAGGTGAAA,T2,T2_site1,30,GU,CTACGCCA,CAGCTCCAA,8,9,34.449,36.798,2.551,0.202,CTACGCCAACACCGGCTGACCAAGTGGTAGAGAGTAATGTAGGTGAAACAGCTCCAA,57
26,AAGAGTGCGGTGATAGAGGTTGGTTATACTGGAGAGTGCGTT,T2,T2_site1,30,GU,CTACGCCA,CAGCTCCAA,8,9,34.449,36.798,2.551,0.202,CTACGCCAAAGAGTGCGGTGATAGAGGTTGGTTATACTGGAGAGTGCGTTCAGCTCCAA,59
27,CACCGTGACAGCAGCGAGTGCGGGGTACGATAGGGTTATGGG,T2,T2_site1,30,GU,CTACGCCA,CAGCTCCAA,8,9,34.449,36.798,2.551,0.202,CTACGCCACACCGTGACAGCAGCGAGTGCGGGGTACGATAGGGTTATGGGCAGCTCCAA,59
28,CAGTGCTTGGTGATACGGGCGTTCTAGCACCCTTC,T2,T2_site1,30,GU,CTACGCCA,CAGCTCCAA,8,9,34.449,36.798,2.551,0.202,CTACGCCACAGTGCTTGGTGATACGGGCGTTCTAGCACCCTTCCAGCTCCAA,52
29,GGGGCGAGAGCAGGTTAGCAAGGCTATTAGTGTAGCTTAAGGAGCGGTCCTG,T2,T2_site1,30,GU,CTACGCCA,CAGCTCCAA,8,9,34.449,36.798,2.551,0.202,CTACGCCAGGGGCGAGAGCAGGTTAGCAAGGCTATTAGTGTAGCTTAAGGAGCGGTCCTGCAGCTCCAA,69
30,CATCTTGAGCAACGTAGGCACGCTAGAGTCAGGAAGAGTTAGAAG,T2,T2_site1,30,GU,CTACGCCA,CAGCTCCAA,8,9,34.449,36.798,2.551,0.202,CTACGCCACATCTTGAGCAACGTAGGCACGCTAGAGTCAGGAAGAGTTAGAAGCAGCTCCAA,62
31,CACTGGTGGCTATAGAGCCGGGTAGTGTTGAGGGTCGGGAGGT,T2,T2_site1,30,GU,CTACGCCA,CAGCTCCAA,8,9,34.449,36.798,2.551,0.202,CTACGCCACACTGGTGGCTATAGAGCCGGGTAGTGTTGAGGGTCGGGAGGTCAGCTCCAA,60
32,AGGGCTAGTTATTATTGCTTTTTCGAGTGAGCGTGGAA,T2,T2_site1,30,GU,CTACGCCA,CAGCTCCAA,8,9,34.449,36.798,2.551,0.202,CTACGCCAAGGGCTAGTTATTATTGCTTTTTCGAGTGAGCGTGGAACAGCTCCAA,55
33,GAGTTCGAACATGGATGTAGAGTACGAGATAGTCGAGA,T2,T2_site1,30,GU,CTACGCCA,CAGCTCCAA,8,9,34.449,36.798,2.551,0.202,CTACGCCAGAGTTCGAACATGGATGTAGAGTACGAGATAGTCGAGACAGCTCCAA,55
34,ACAGATCCAGCTGAGCAGTGGGGTGC,T2,T2_site1,30,GU,CTACGCCA,CAGCTCCAA,8,9,34.449,36.798,2.551,0.202,CTACGCCAACAGATCCAGCTGAGCAGTGGGGTGCCAGCTCCAA,43
35,GGGTTACAGTGGAAACGATGGCT,T2,T2_site1,30,GU,CTACGCCA,CAGCTCCAA,8,9,34.449,36.798,2.551,0.202,CTACGCCAGGGTTACAGTGGAAACGATGGCTCAGCTCCAA,40
36,CAGTAACGCAGACAGTTAGTGGTAGCG,T2,T2_site1,30,GU,CTACGCCA,CAGCTCCAA,8,9,34.449,36.798,2.551,0.202,CTACGCCACAGTAACGCAGACAGTTAGTGGTAGCGCAGCTCCAA,44
37,GAGGGTATAGGTAAGTGCGCGTAGAGTCAT,T2,T2_site1,30,GU,CTACGCCA,CAGCTCCAA,8,9,34.449,36.798,2.551,0.202,CTACGCCAGAGGGTATAGGTAAGTGCGCGTAGAGTCATCAGCTCCAA,47
38,GCTGAGAGTTGATGAGGGGCATGTGATACGACGGGCACAAGTGATGTTCTGGCGCTGTT,T2,T2_site1,30,GU,CTACGCCA,CAGCTCCAA,8,9,34.449,36.798,2.551,0.202,CTACGCCAGCTGAGAGTTGATGAGGGGCATGTGATACGACGGGCACAAGTGATGTTCTGGCGCTGTTCAGCTCCAA,76
39,GCGCAAGTAGGCTACGTATTAAGCCAGGTAGCGGCCTGGGTAGA,T2,T2_site1,30,GU,CTACGCCA,CAGCTCCAA,8,9,34.449,36.798,2.551,0.202,CTACGCCAGCGCAAGTAGGCTACGTATTAAGCCAGGTAGCGGCCTGGGTAGACAGCTCCAA,61
40,TCAAGAGTGGTGCGAAGTGTGGTAGCTAAGGGTACGGGATGGATCAGT,T2,T2_site1,30,GU,CTACGCCA,CAGCTCCAA,8,9,34.449,36.798,2.551,0.202,CTACGCCATCAAGAGTGGTGCGAAGTGTGGTAGCTAAGGGTACGGGATGGATCAGTCAGCTCCAA,65
41,TATAGGCTAGCGGTTGGGGGTA,T2,T2_site1,30,GU,CTACGCCA,CAGCTCCAA,8,9,34.449,36.798,2.551,0.202,CTACGCCATATAGGCTAGCGGTTGGGGGTACAGCTCCAA,39
42,TCGAGCTACAGCGTACTGTCAAGGGTTGGTAA,T2,T2_site1,30,GU,CTACGCCA,CAGCTCCAA,8,9,34.449,36.798,2.551,0.202,CTACGCCATCGAGCTACAGCGTACTGTCAAGGGTTGGTAACAGCTCCAA,49
43,TTAGGGGGTTCACGATTTGAAGAAAGGCCTC,T2,T2_site1,30,GU,CTACGCCA,CAGCTCCAA,8,9,34.449,36.798,2.551,0.202,CTACGCCATTAGGGGGTTCACGATTTGAAGAAAGGCCTCCAGCTCCAA,48
44,CGACAGTTAGTGGAAGCGATTAGCTCTAGTAAAGGGA,T2,T2_site1,30,GU,CTACGCCA,CAGCTCCAA,8,9,34.449,36.798,2.551,0.202,CTACGCCACGACAGTTAGTGGAAGCGATTAGCTCTAGTAAAGGGACAGCTCCAA,54
45,CCTCTACGTAGCTGCAGTGATGGTGGATGCAGAGAGCGG,T2,T2_site1,30,GU,CTACGCCA,CAGCTCCAA,8,9,34.449,36.798,2.551,0.202,CTACGCCACCTCTACGTAGCTGCAGTGATGGTGGATGCAGAGAGCGGCAGCTCCAA,56
46,TATCCCCACAAATCGTATGTAGAGTGACGTATTGTGGTAG,T2,T2_site1,30,GU,CTACGCCA,CAGCTCCAA,8,9,34.449,36.798,2.551,0.202,CTACGCCATATCCCCACAAATCGTATGTAGAGTGACGTATTGTGGTAGCAGCTCCAA,57
47,CAAGTATGCCAATAAGGGGTTGCAAGTGGCAGATAGCGACT,T2,T2_site1,30,GU,CTACGCCA,CAGCTCCAA,8,9,34.449,36.798,2.551,0.202,CTACGCCACAAGTATGCCAATAAGGGGTTGCAAGTGGCAGATAGCGACTCAGCTCCAA,58
48,TACTGTGGTGTCTTGAGCGAGCTAGTGTCACTCC,T2,T2_site1,30,GU,CTACGCCA,CAGCTCCAA,8,9,34.449,36.798,2.551,0.202,CTACGCCATACTGTGGTGTCTTGAGCGAGCTAGTGTCACTCCCAGCTCCAA,51
49,CACATCACCCATAGTGGGGTACGCGATAGTGGTGC,T2,T2_site1,30,GU,CTACGCCA,CAGCTCCAA,8,9,34.449,36.798,2.551,0.202,CTACGCCACACATCACCCATAGTGGGGTACGCGATAGTGGTGCCAGCTCCAA,52
50,TGGACGAGTTAGAGGTAGAGTTGTAAGCTGACTGCTGGT,T2,T2_site1,30,GU,CTACGCCA,CAGCTCCAA,8,9,34.449,36.798,2.551,0.202,CTACGCCATGGACGAGTTAGAGGTAGAGTTGTAAGCTGACTGCTGGTCAGCTCCAA,56
51,ACCAAGAGGGTTGCGGGCAGGTCTTAGCGCGAGAGTAGTTGTACTATCGTC,T2,T2_site1,30,GU,CTACGCCA,CAGCTCCAA,8,9,34.449,36.798,2.551,0.202,CTACGCCAACCAAGAGGGTTGCGGGCAGGTCTTAGCGCGAGAGTAGTTGTACTATCGTCCAGCTCCAA,68
52,GGGCTAGTACGGTAGTGAGCCGAGTGTGGAGTTGTAAGGGGGTGT,T2,T2_site1,30,GU,CTACGCCA,CAGCTCCAA,8,9,34.449,36.798,2.551,0.202,CTACGCCAGGGCTAGTACGGTAGTGAGCCGAGTGTGGAGTTGTAAGGGGGTGTCAGCTCCAA,62
53,GCGGTAAGATGAGGGGTCAGAAAGGTAGCGTATTGCCT,T2,T2_site1,30,GU,CTACGCCA,CAGCTCCAA,8,9,34.449,36.798,2.551,0.202,CTACGCCAGCGGTAAGATGAGGGGTCAGAAAGGTAGCGTATTGCCTCAGCTCCAA,55
54,CCGGTACACAGAGGGCGGATTACTGACACTCAAGTGA,T2,T2_site1,30,GU,CTACGCCA,CAGCTCCAA,8,9,34.449,36.798,2.551,0.202,CTACGCCACCGGTACACAGAGGGCGGATTACTGACACTCAAGTGACAGCTCCAA,54
55,TGACAAAGGGGGTGAGCACGTTGT,T2,T2_site1,30,GU,CTACGCCA,CAGCTCCAA,8,9,34.449,36.798,2.551,0.202,CTACGCCATGACAAAGGGGGTGAGCACGTTGTCAGCTCCAA,41
56,CACGCGAGGTGGGGGCAGTTACGAATGGGGAGGGGCTC,T2,T2_site1,30,GU,CTACGCCA,CAGCTCCAA,8,9,34.449,36.798,2.551,0.202,CTACGCCACACGCGAGGTGGGGGCAGTTACGAATGGGGAGGGGCTCCAGCTCCAA,55
57,TAAGGTGTAGGTAGGTTGGCAGTGACTGGCGATCATGAGGTACG,T2,T2_site1,30,GU,CTACGCCA,CAGCTCCAA,8,9,34.449,36.798,2.551,0.202,CTACGCCATAAGGTGTAGGTAGGTTGGCAGTGACTGGCGATCATGAGGTACGCAGCTCCAA,61
58,CGTGTGGCAGTAACCAAGTGGTGCGAGTTAGGGTGCACGGG,T2,T2_site1,30,GU,CTACGCCA,CAGCTCCAA,8,9,34.449,36.798,2.551,0.202,CTACGCCACGTGTGGCAGTAACCAAGTGGTGCGAGTTAGGGTGCACGGGCAGCTCCAA,58
59,ACATTAATCCAGTGGAGGCTCTAGCTGCATAGCGTCGGTTGTGCATG,T2,T2_site1,30,GU,CTACGCCA,CAGCTCCAA,8,9,34.449,36.798,2.551,0.202,CTACGCCAACATTAATCCAGTGGAGGCTCTAGCTGCATAGCGTCGGTTGTGCATGCAGCTCCAA,64
60,CATGCGGGTCAGCGTACATGACCAGGGAACAGTTATAGGGGAGTG,T2,T2_site1,30,GU,CTACGCCA,CAGCTCCAA,8,9,34.449,36.798,2.551,0.202,CTACGCCACATGCGGGTCAGCGTACATGACCAGGGAACAGTTATAGGGGAGTGCAGCTCCAA,62
61,ACTTACATCTAGTGAGGTGTGGAGAGCGTC,T2,T2_site1,30,GU,CTACGCCA,CAGCTCCAA,8,9,34.449,36.798,2.551,0.202,CTACGCCAACTTACATCTAGTGAGGTGTGGAGAGCGTCCAGCTCCAA,47
62,AGTGAGGGTGGCAGCATCTATGGCTGGAGAGGGTGGGGGCTCG,T2,T2_site1,30,GU,CTACGCCA,CAGCTCCAA,8,9,34.449,36.798,2.551,0.202,CTACGCCAAGTGAGGGTGGCAGCATCTATGGCTGGAGAGGGTGGGGGCTCGCAGCTCCAA,60
63,TGGGAGCGGGTAGCGTGCTGTAGAGGCGTGCC,T2,T2_site1,30,GU,CTACGCCA,CAGCTCCAA,8,9,34.449,36.798,2.551,0.202,CTACGCCATGGGAGCGGGTAGCGTGCTGTAGAGGCGTGCCCAGCTCCAA,49
64,TACTCTTCGTGCGCTATGGGGTGAGTAGCGT,T2,T2_site1,30,GU,CTACGCCA,CAGCTCCAA,8,9,34.449,36.798,2.551,0.202,CTACGCCATACTCTTCGTGCGCTATGGGGTGAGTAGCGTCAGCTCCAA,48
65,GCGAGGACAGGGAGGCTCGAATAGCCATATGTAGGGTAC,T2,T2_site1,30,GU,CTACGCCA,CAGCTCCAA,8,9,34.449,36.798,2.551,0.202,CTACGCCAGCGAGGACAGGGAGGCTCGAATAGCCATATGTAGGGTACCAGCTCCAA,56
66,CCCCGGAGCTGTAGCGTGTCACTAGGGGCCAA,T2,T2_site1,30,GU,CTACGCCA,CAGCTCCAA,8,9,34.449,36.798,2.551,0.202,CTACGCCACCCCGGAGCTGTAGCGTGTCACTAGGGGCCAACAGCTCCAA,49
67,CTCCTGCAGCCACGATGGGTTCGCTAGTACCAAGAGTGTAGG,T2,T2_site1,30,GU,CTACGCCA,CAGCTCCAA,8,9,34.449,36.798,2.551,0.202,CTACGCCACTCCTGCAGCCACGATGGGTTCGCTAGTACCAAGAGTGTAGGCAGCTCCAA,59
68,GGCGAGCGCTAGAAGAGGGTTCTGCTATACATCAACG,T2,T2_site1,30,GU,CTACGCCA,CAGCTCCAA,8,9,34.449,36.798,2.551,0.202,CTACGCCAGGCGAGCGCTAGAAGAGGGTTCTGCTATACATCAACGCAGCTCCAA,54
69,ACCGGGTTCGGGTTAGCATAGACTGGAGATTGGTAC,T2,T2_site1,30,GU,CTACGCCA,CAGCTCCAA,8,9,34.449,36.798,2.551,0.202,CTACGCCAACCGGGTTCGGGTTAGCATAGACTGGAGATTGGTACCAGCTCCAA,53
70,GGCCGACAGCGATTAGAGTGGGGGGTACCCAGGTGGGTGAGTATGGGTA,T2,T2_site1,30,GU,CTACGCCA,CAGCTCCAA,8,9,34.449,36.798,2.551,0.202,CTACGCCAGGCCGACAGCGATTAGAGTGGGGGGTACCCAGGTGGGTGAGTATGGGTACAGCTCCAA,66
71,ATAGCCTGACGAGGGTGGTTAGAGGTACATAACGACGGAGTGGAGTG,T2,T2_site1,30,GU,CTACGCCA,CAGCTCCAA,8,9,34.449,36.798,2.551,0.202,CTACGCCAATAGCCTGACGAGGGTGGTTAGAGGTACATAACGACGGAGTGGAGTGCAGCTCCAA,64
72,TTGGTGGCGTATGGAGTGAGGGTGTTACTG,T2,T2_site1,30,GU,CTACGCCA,CAGCTCCAA,8,9,34.449,36.798,2.551,0.202,CTACGCCATTGGTGGCGTATGGAGTGAGGGTGTTACTGCAGCTCCAA,47
73,CATTGCTGTACGAGAGAGTCCCCCTTCA,T2,T2_site1,30,GU,CTACGCCA,CAGCTCCAA,8,9,34.449,36.798,2.551,0.202,CTACGCCACATTGCTGTACGAGAGAGTCCCCCTTCACAGCTCCAA,45
74,GCTGACTCGAGTGTAGGGCGGCCAGCGCGCT,T2,T2_site1,30,GU,CTACGCCA,CAGCTCCAA,8,9,34.449,36.798,2.551,0.202,CTACGCCAGCTGACTCGAGTGTAGGGCGGCCAGCGCGCTCAGCTCCAA,48
75,TACGCACATACAACGCGTATATACTGGTTGTGATAGAGTAAGGGAT,T2,T2_site1,30,GU,CTACGCCA,CAGCTCCAA,8,9,34.449,36.798,2.551,0.202,CTACGCCATACGCACATACAACGCGTATATACTGGTTGTGATAGAGTAAGGGATCAGCTCCAA,63
76,CATCTCGATCGGCGCGGGTCAGGGAACAAGAGCGGTGGTGGGGGT,T2,T2_site1,30,GU,CTACGCCA,CAGCTCCAA,8,9,34.449,36.798,2.551,0.202,CTACGCCACATCTCGATCGGCGCGGGTCAGGGAACAAGAGCGGTGGTGGGGGTCAGCTCCAA,62
77,GCATGCGATCTATCGAGTGGGCCACGAGTCAGGTTAGGGCTGGAAA,T2,T2_site1,30,GU,CTACGCCA,CAGCTCCAA,8,9,34.449,36.798,2.551,0.202,CTACGCCAGCATGCGATCTATCGAGTGGGCCACGAGTCAGGTTAGGGCTGGAAACAGCTCCAA,63
78,CGCTTGAGGCAGAGGAGTGAGGGGGGAAGGTGTAGGTTAGG,T2,T2_site1,30,GU,CTACGCCA,CAGCTCCAA,8,9,34.449,36.798,2.551,0.202,CTACGCCACGCTTGAGGCAGAGGAGTGAGGGGGGAAGGTGTAGGTTAGGCAGCTCCAA,58
79,CGAGGCTGGGAGTGAGGGTACTGGTGCCGAAGCAGCCTAAGCGAGCTCGC,T2,T2_site1,30,GU,CTACGCCA,CAGCTCCAA,8,9,34.449,36.798,2.551,0.202,CTACGCCACGAGGCTGGGAGTGAGGGTACTGGTGCCGAAGCAGCCTAAGCGAGCTCGCCAGCTCCAA,67
80,AGGAGACTGCACGGTAGAGAGTGGCGTTATC,T2,T2_site1,30,GU,CTACGCCA,CAGCTCCAA,8,9,34.449,36.798,2.551,0.202,CTACGCCAAGGAGACTGCACGGTAGAGAGTGGCGTTATCCAGCTCCAA,48
81,TTCGAGTTATATAGGGGGTGGGGGTACGGAAGTGGCAA,T2,T2_site1,30,GU,CTACGCCA,CAGCTCCAA,8,9,34.449,36.798,2.551,0.202,CTACGCCATTCGAGTTATATAGGGGGTGGGGGTACGGAAGTGGCAACAGCTCCAA,55
82,GACTGCCAGCTGAGAGAGGGAGAGGTAGTGTTTAGCAT,T2,T2_site1,30,GU,CTACGCCA,CAGCTCCAA,8,9,34.449,36.798,2.551,0.202,CTACGCCAGACTGCCAGCTGAGAGAGGGAGAGGTAGTGTTTAGCATCAGCTCCAA,55
83,CTTCGAGCGGCAGATTGGGATGCACGTAAGCATCAGTGATACAGGGAGCC,T2,T2_site1,30,GU,CTACGCCA,CAGCTCCAA,8,9,34.449,36.798,2.551,0.202,CTACGCCACTTCGAGCGGCAGATTGGGATGCACGTAAGCATCAGTGATACAGGGAGCCCAGCTCCAA,67
84,CGCACAGCTTGTGGCCAAGAGCTGGCGGGGGGGTATAGAGAGG,T2,T2_site1,30,GU,CTACGCCA,CAGCTCCAA,8,9,34.449,36.798,2.551,0.202,CTACGCCACGCACAGCTTGTGGCCAAGAGCTGGCGGGGGGGTATAGAGAGGCAGCTCCAA,60
85,CATGCTAGCGTGGGGGTGAA,T2,T2_site1,30,GU,CTACGCCA,CAGCTCCAA,8,9,34.449,36.798,2.551,0.202,CTACGCCACATGCTAGCGTGGGGGTGAACAGCTCCAA,37
86,CATCGAGATGTTTATTAATTCAGGCTAGAAGGGGCGGATA,T2,T2_site1,30,GU,CTACGCCA,CAGCTCCAA,8,9,34.449,36.798,2.551,0.202,CTACGCCACATCGAGATGTTTATTAATTCAGGCTAGAAGGGGCGGATACAGCTCCAA,57
87,TAGGTGGAGGGGCTAGTAGGTAAGCTAGTA,T2,T2_site1,30,GU,CTACGCCA,CAGCTCCAA,8,9,34.449,36.798,2.551,0.202,CTACGCCATAGGTGGAGGGGCTAGTAGGTAAGCTAGTACAGCTCCAA,47
88,CATATCATGGTGTACGGTGTGGTGAGGTTTCGCAAGTGGTATAT,T2,T2_site1,30,GU,CTACGCCA,CAGCTCCAA,8,9,34.449,36.798,2.551,0.202,CTACGCCACATATCATGGTGTACGGTGTGGTGAGGTTTCGCAAGTGGTATATCAGCTCCAA,61
89,ACCAACAGGGGATCGTAACGATGTTGTGGTAGGGTATACGCTCGTC,T2,T2_site1,30,GU,CTACGCCA,CAGCTCCAA,8,9,34.449,36.798,2.551,0.202,CTACGCCAACCAACAGGGGATCGTAACGATGTTGTGGTAGGGTATACGCTCGTCCAGCTCCAA,63
90,GGGAAAAGGGTGCAGAGACGGGCACGCAACGCTCTT,T2,T2_site1,30,GU,CTACGCCA,CAGCTCCAA,8,9,34.449,36.798,2.551,0.202,CTACGCCAGGGAAAAGGGTGCAGAGACGGGCACGCAACGCTCTTCAGCTCCAA,53
91,GAGGTGAGCTTGGTCGGTAGCAAGCTATAGGGCAGCTAGTACGCATAGGGAGTGC,T2,T2_site1,30,GU,CTACGCCA,CAGCTCCAA,8,9,34.449,36.798,2.551,0.202,CTACGCCAGAGGTGAGCTTGGTCGGTAGCAAGCTATAGGGCAGCTAGTACGCATAGGGAGTGCCAGCTCCAA,72
92,ACCAAGGGCGGGGTGGGAAAGTCACGACATG,T2,T2_site1,30,GU,CTACGCCA,CAGCTCCAA,8,9,34.449,36.798,2.551,0.202,CTACGCCAACCAAGGGCGGGGTGGGAAAGTCACGACATGCAGCTCCAA,48
93,TACAGGGCTGTCGGGATAGCATGCTGGTGGAAGGTAGGA,T2,T2_site1,30,GU,CTACGCCA,CAGCTCCAA,8,9,34.449,36.798,2.551,0.202,CTACGCCATACAGGGCTGTCGGGATAGCATGCTGGTGGAAGGTAGGACAGCTCCAA,56
94,CACCGAGTAGTGACGGCCGGGTGGCAGCTAT,T2,T2_site1,30,GU,CTACGCCA,CAGCTCCAA,8,9,34.449,36.798,2.551,0.202,CTACGCCACACCGAGTAGTGACGGCCGGGTGGCAGCTATCAGCTCCAA,48
95,AGCAAGTGCACATAGAGGTTC,T2,T2_site1,30,GU,CTACGCCA,CAGCTCCAA,8,9,34.449,36.798,2.551,0.202,CTACGCCAAGCAAGTGCACATAGAGGTTCCAGCTCCAA,38
96,TCCAGTATGGGGTGGTAGGTACTGGCGTGC,T2,T2_site1,30,GU,CTACGCCA,CAGCTCCAA,8,9,34.449,36.798,2.551,0.202,CTACGCCATCCAGTATGGGGTGGTAGGTACTGGCGTGCCAGCTCCAA,47
97,TAGACTAAGGAAGAGTGGATTAGGTACCGTTTAGAG,T2,T2_site1,30,GU,CTACGCCA,CAGCTCCAA,8,9,34.449,36.798,2.551,0.202,CTACGCCATAGACTAAGGAAGAGTGGATTAGGTACCGTTTAGAGCAGCTCCAA,53
98,CAGGTGGAGGCACCGGTGGGGCAGTTAGGAGGTAATGAGTGAGTC,T2,T2_site1,30,GU,CTACGCCA,CAGCTCCAA,8,9,34.449,36.798,2.551,0.202,CTACGCCACAGGTGGAGGCACCGGTGGGGCAGTTAGGAGGTAATGAGTGAGTCCAGCTCCAA,62
99,CTTCTCGGAAGAGTGGACGTGTGTGAGCTAATGGAGCGTCAGGGGAGCGCTTTAT,T2,T2_site1,30,GU,CTACGCCA,CAGCTCCAA,8,9,34.449,36.798,2.551,0.202,CTACGCCACTTCTCGGAAGAGTGGACGTGTGTGAGCTAATGGAGCGTCAGGGGAGCGCTTTATCAGCTCCAA,72
100,TTCGCGTGTACTGCATGAGTAGGTAGGGGTGATGA,T2,T2_site1,30,GU,CTACGCCA,CAGCTCCAA,8,9,34.449,36.798,2.551,0.202,CTACGCCATTCGCGTGTACTGCATGAGTAGGTAGGGGTGATGACAGCTCCAA,52
101,GTGGTATTCCTGGTTAGCATAGCGAGAGTAACAGGGTAG,T2,T2_site1,30,GU,CTACGCCA,CAGCTCCAA,8,9,34.449,36.798,2.551,0.202,CTACGCCAGTGGTATTCCTGGTTAGCATAGCGAGAGTAACAGGGTAGCAGCTCCAA,56
102,CGTCTGAGGTGGTGCAGGGACACAGCTCGATAGTGCGCATAGAGCTGCGGTGAGGTA,T2,T2_site1,30,GU,CTACGCCA,CAGCTCCAA,8,9,34.449,36.798,2.551,0.202,CTACGCCACGTCTGAGGTGGTGCAGGGACACAGCTCGATAGTGCGCATAGAGCTGCGGTGAGGTACAGCTCCAA,74
103,ATTCACAGGTAAGGGAACCGTGATAGAGTTGAGAGGGGGGGCTAGGT,T2,T2_site1,30,GU,CTACGCCA,CAGCTCCAA,8,9,34.449,36.798,2.551,0.202,CTACGCCAATTCACAGGTAAGGGAACCGTGATAGAGTTGAGAGGGGGGGCTAGGTCAGCTCCAA,64
104,AGTACAGTGGGGTTGGAAGATAGTAGTGGTGCAA,T2,T2_site1,30,GU,CTACGCCA,CAGCTCCAA,8,9,34.449,36.798,2.551,0.202,CTACGCCAAGTACAGTGGGGTTGGAAGATAGTAGTGGTGCAACAGCTCCAA,51
105,GACCGTGTACTGAAGGGGGCGGAAACGTAGAGCTTCCATTACACGGCACGA,T2,T2_site1,30,GU,CTACGCCA,CAGCTCCAA,8,9,34.449,36.798,2.551,0.202,CTACGCCAGACCGTGTACTGAAGGGGGCGGAAACGTAGAGCTTCCATTACACGGCACGACAGCTCCAA,68
106,ACACAAAGGTAAGGTGCTAGACAGGGGGGTAAGGGA,T2,T2_site1,30,GU,CTACGCCA,CAGCTCCAA,8,9,34.449,36.798,2.551,0.202,CTACGCCAACACAAAGGTAAGGTGCTAGACAGGGGGGTAAGGGACAGCTCCAA,53
107,AGCCAGAGGTGCGGGGGCGGGCATGCGGTTAGTGATCCGACGG,T2,T2_site1,30,GU,CTACGCCA,CAGCTCCAA,8,9,34.449,36.798,2.551,0.202,CTACGCCAAGCCAGAGGTGCGGGGGCGGGCATGCGGTTAGTGATCCGACGGCAGCTCCAA,60
108,CACGTACACTGGCACGGTTAACGATTGATAGGCTGG,T2,T2_site1,30,GU,CTACGCCA,CAGCTCCAA,8,9,34.449,36.798,2.551,0.202,CTACGCCACACGTACACTGGCACGGTTAACGATTGATAGGCTGGCAGCTCCAA,53
109,CCGGTTCAGCAGTAAGCAAGGTTAGCGAGATGCAGGTAACGTATCTAA,T2,T2_site1,30,GU,CTACGCCA,CAGCTCCAA,8,9,34.449,36.798,2.551,0.202,CTACGCCACCGGTTCAGCAGTAAGCAAGGTTAGCGAGATGCAGGTAACGTATCTAACAGCTCCAA,65
110,ACCGCGACATGAGCAGGGGGGGGATGTGACAGCAGTGTA,T2,T2_site1,30,GU,CTACGCCA,CAGCTCCAA,8,9,34.449,36.798,2.551,0.202,CTACGCCAACCGCGACATGAGCAGGGGGGGGATGTGACAGCAGTGTACAGCTCCAA,56
111,GCTATATTGTCGTGGAGCAGCTTGTAGTGTCGCGCGAGGTACA,T2,T2_site1,30,GU,CTACGCCA,CAGCTCCAA,8,9,34.449,36.798,2.551,0.202,CTACGCCAGCTATATTGTCGTGGAGCAGCTTGTAGTGTCGCGCGAGGTACACAGCTCCAA,60
112,TAGGTGACGATTTTGGCGCTAAGGGGTTGAAGCGTAGGTAGTGG,T2,T2_site1,30,GU,CTACGCCA,CAGCTCCAA,8,9,34.449,36.798,2.551,0.202,CTACGCCATAGGTGACGATTTTGGCGCTAAGGGGTTGAAGCGTAGGTAGTGGCAGCTCCAA,61
113,AGTCAAAGCCATGATAGCTGTTAGAGCCAGACGAGGTACG,T2,T2_site1,30,GU,CTACGCCA,CAGCTCCAA,8,9,34.449,36.798,2.551,0.202,CTACGCCAAGTCAAAGCCATGATAGCTGTTAGAGCCAGACGAGGTACGCAGCTCCAA,57
114,TACAGTGCGCTTTTAGAGTGCGAGGTGTAGTGTAGTG,T2,T2_site1,30,GU,CTACGCCA,CAGCTCCAA,8,9,34.449,36.798,2.551,0.202,CTACGCCATACAGTGCGCTTTTAGAGTGCGAGGTGTAGTGTAGTGCAGCTCCAA,54
115,TGCAGCTGAGTTAGTTAGTAAGGGGGAGGAAAGGAGGTACGCC,T2,T2_site1,30,GU,CTACGCCA,CAGCTCCAA,8,9,34.449,36.798,2.551,0.202,CTACGCCATGCAGCTGAGTTAGTTAGTAAGGGGGAGGAAAGGAGGTACGCCCAGCTCCAA,60
116,ATGGTGAGATGCGGAGCGGGCTGCAGAGGTAGCTGTA,T2,T2_site1,30,GU,CTACGCCA,CAGCTCCAA,8,9,34.449,36.798,2.551,0.202,CTACGCCAATGGTGAGATGCGGAGCGGGCTGCAGAGGTAGCTGTACAGCTCCAA,54
117,CTTAGTGAGAGTGGGCATGAAGCTGCAAGGGA,T2,T2_site1,30,GU,CTACGCCA,CAGCTCCAA,8,9,34.449,36.798,2.551,0.202,CTACGCCACTTAGTGAGAGTGGGCATGAAGCTGCAAGGGACAGCTCCAA,49
118,ACCAACGCGGGTAAGTTATAGGCTTAAGCGAAAGTGA,T2,T2_site1,30,GU,CTACGCCA,CAGCTCCAA,8,9,34.449,36.798,2.551,0.202,CTACGCCAACCAACGCGGGTAAGTTATAGGCTTAAGCGAAAGTGACAGCTCCAA,54
119,TAAGAGCGGCTGCGAGCTTACGTTAGGGAAGC,T2,T2_site1,30,GU,CTACGCCA,CAGCTCCAA,8,9,34.449,36.798,2.551,0.202,CTACGCCATAAGAGCGGCTGCGAGCTTACGTTAGGGAAGCCAGCTCCAA,49
120,CATATCACACACTAGCGTTAGGTAGCGATAGGGTAGGGATAA,T2,T2_site1,30,GU,CTACGCCA,CAGCTCCAA,8,9,34.449,36.798,2.551,0.202,CTACGCCACATATCACACACTAGCGTTAGGTAGCGATAGGGTAGGGATAACAGCTCCAA,59
121,CAATTGCTAGTACGGAGTGATCGAGGTTTAAGCGTTAGG,T2,T2_site1,30,GU,CTACGCCA,CAGCTCCAA,8,9,34.449,36.798,2.551,0.202,CTACGCCACAATTGCTAGTACGGAGTGATCGAGGTTTAAGCGTTAGGCAGCTCCAA,56
122,CAGCGCACCTTGTTAGAGTGGGCTGAGTGATAGTG,T2,T2_site1,30,GU,CTACGCCA,CAGCTCCAA,8,9,34.449,36.798,2.551,0.202,CTACGCCACAGCGCACCTTGTTAGAGTGGGCTGAGTGATAGTGCAGCTCCAA,52
123,GCCAGGGTGGAGCTAAGGGGGTCTGGCGTCCAGATATCCTA,T2,T2_site1,30,GU,CTACGCCA,CAGCTCCAA,8,9,34.449,36.798,2.551,0.202,CTACGCCAGCCAGGGTGGAGCTAAGGGGGTCTGGCGTCCAGATATCCTACAGCTCCAA,58
124,GAGGAGAGTAGTAATATGAGGTCAAGGGGCAGGTTGTAGGAGC,T2,T2_site1,30,GU,CTACGCCA,CAGCTCCAA,8,9,34.449,36.798,2.551,0.202,CTACGCCAGAGGAGAGTAGTAATATGAGGTCAAGGGGCAGGTTGTAGGAGCCAGCTCCAA,60
125,TCATTCAGCTCCAGGTGCAGTGGCTGGCACGATAGAGTGA,T2,T2_site1,30,GU,CTACGCCA,CAGCTCCAA,8,9,34.449,36.798,2.551,0.202,CTACGCCATCATTCAGCTCCAGGTGCAGTGGCTGGCACGATAGAGTGACAGCTCCAA,57
126,CAGGTGGCCGCTAAAGAGCCGGGTAGTGTGACG,T2,T2_site1,30,GU,CTACGCCA,CAGCTCCAA,8,9,34.449,36.798,2.551,0.202,CTACGCCACAGGTGGCCGCTAAAGAGCCGGGTAGTGTGACGCAGCTCCAA,50
127,CTTGCGATAGGGTGTCGTATAGCAAGAGCTAGTCTGAGTGGCAG,T2,T2_site1,30,GU,CTACGCCA,CAGCTCCAA,8,9,34.449,36.798,2.551,0.202,CTACGCCACTTGCGATAGGGTGTCGTATAGCAAGAGCTAGTCTGAGTGGCAGCAGCTCCAA,61
128,GGCAAGTGGTATAGGGTGAGCGTAGTCATG,T2,T2_site1,30,GU,CTACGCCA,CAGCTCCAA,8,9,34.449,36.798,2.551,0.202,CTACGCCAGGCAAGTGGTATAGGGTGAGCGTAGTCATGCAGCTCCAA,47
129,AGCATCGGTAGGTTGAGGGAGGAGGGAGCGAGTATGTTACTTGGAGGCGCG,T2,T2_site1,30,GU,CTACGCCA,CAGCTCCAA,8,9,34.449,36.798,2.551,0.202,CTACGCCAAGCATCGGTAGGTTGAGGGAGGAGGGAGCGAGTATGTTACTTGGAGGCGCGCAGCTCCAA,68
130,CGGGAGGGGGTTAGGGCTAGCGTACCT,T2,T2_site1,30,GU,CTACGCCA,CAGCTCCAA,8,9,34.449,36.798,2.551,0.202,CTACGCCACGGGAGGGGGTTAGGGCTAGCGTACCTCAGCTCCAA,44
131,GACAAACTGTTGTGGTAGGTGCAAGTAGTTAG,T2,T2_site1,30,GU,CTACGCCA,CAGCTCCAA,8,9,34.449,36.798,2.551,0.202,CTACGCCAGACAAACTGTTGTGGTAGGTGCAAGTAGTTAGCAGCTCCAA,49
132,GGGTGCAGCCTAGGCGAGGGAGAGGAACAGGGTAGTATG,T2,T2_site1,30,GU,CTACGCCA,CAGCTCCAA,8,9,34.449,36.798,2.551,0.202,CTACGCCAGGGTGCAGCCTAGGCGAGGGAGAGGAACAGGGTAGTATGCAGCTCCAA,56
133,TATCGAGGTACCAGTGACGAGGCCGGTTGGGCTAGT,T2,T2_site1,30,GU,CTACGCCA,CAGCTCCAA,8,9,34.449,36.798,2.551,0.202,CTACGCCATATCGAGGTACCAGTGACGAGGCCGGTTGGGCTAGTCAGCTCCAA,53
134,CACACACGGTACGGGCGACATAGACTTA,T2,T2_site1,30,GU,CTACGCCA,CAGCTCCAA,8,9,34.449,36.798,2.551,0.202,CTACGCCACACACACGGTACGGGCGACATAGACTTACAGCTCCAA,45
135,GGCGTCACGAGCATAGTGTACACCTC,T2,T2_site1,30,GU,CTACGCCA,CAGCTCCAA,8,9,34.449,36.798,2.551,0.202,CTACGCCAGGCGTCACGAGCATAGTGTACACCTCCAGCTCCAA,43
136,GCAAGAGGTGTTACCAAGGTAGTGAGTTTTTGAC,T2,T2_site1,30,GU,CTACGCCA,CAGCTCCAA,8,9,34.449,36.798,2.551,0.202,CTACGCCAGCAAGAGGTGTTACCAAGGTAGTGAGTTTTTGACCAGCTCCAA,51
137,CAGCGTCACTCGAAGTGGTGAGGGGTAGGGAAGAGACA,T2,T2_site1,30,GU,CTACGCCA,CAGCTCCAA,8,9,34.449,36.798,2.551,0.202,CTACGCCACAGCGTCACTCGAAGTGGTGAGGGGTAGGGAAGAGACACAGCTCCAA,55
138,CAAGTGTGGTGGTGTGGGATACCTATAGGGCGTGTACGTGTTCGAG,T2,T2_site1,30,GU,CTACGCCA,CAGCTCCAA,8,9,34.449,36.798,2.551,0.202,CTACGCCACAAGTGTGGTGGTGTGGGATACCTATAGGGCGTGTACGTGTTCGAGCAGCTCCAA,63
139,GATGTCGCATGGCGAGGTGCGTGGAGGGAGTGGTACGAGC,T2,T2_site1,30,GU,CTACGCCA,CAGCTCCAA,8,9,34.449,36.798,2.551,0.202,CTACGCCAGATGTCGCATGGCGAGGTGCGTGGAGGGAGTGGTACGAGCCAGCTCCAA,57
140,CAGCAGCGTCGAGAGGTAGCGGT,T2,T2_site1,30,GU,CTACGCCA,CAGCTCCAA,8,9,34.449,36.798,2.551,0.202,CTACGCCACAGCAGCGTCGAGAGGTAGCGGTCAGCTCCAA,40
141,CCAATAAGCGTAGGGTGGGAT,T2,T2_site1,30,GU,CTACGCCA,CAGCTCCAA,8,9,34.449,36.798,2.551,0.202,CTACGCCACCAATAAGCGTAGGGTGGGATCAGCTCCAA,38
142,GGAGCGCTTTAGCGTGTACAGGTAGGGTTATG,T2,T2_site1,30,GU,CTACGCCA,CAGCTCCAA,8,9,34.449,36.798,2.551,0.202,CTACGCCAGGAGCGCTTTAGCGTGTACAGGTAGGGTTATGCAGCTCCAA,49
143,ACACGCTAACTAAGAGCTCGAGGGGTAGTGCTGTAGGCAAAGT,T2,T2_site1,30,GU,CTACGCCA,CAGCTCCAA,8,9,34.449,36.798,2.551,0.202,CTACGCCAACACGCTAACTAAGAGCTCGAGGGGTAGTGCTGTAGGCAAAGTCAGCTCCAA,60
144,TAGGTCGGGCTAGTCGACTAATGCGGTGGTGGAGAGCA,T2,T2_site1,30,GU,CTACGCCA,CAGCTCCAA,8,9,34.449,36.798,2.551,0.202,CTACGCCATAGGTCGGGCTAGTCGACTAATGCGGTGGTGGAGAGCACAGCTCCAA,55
145,CGTAGTGGAAGATGGATCTAAGCTCTAGGGGGCAAC,T2,T2_site1,30,GU,CTACGCCA,CAGCTCCAA,8,9,34.449,36.798,2.551,0.202,CTACGCCACGTAGTGGAAGATGGATCTAAGCTCTAGGGGGCAACCAGCTCCAA,53
146,CCAACGAAACGGGGATGAGGTGCTGACAAGTGAGGTAGC,T2,T2_site1,30,GU,CTACGCCA,CAGCTCCAA,8,9,34.449,36.798,2.551,0.202,CTACGCCACCAACGAAACGGGGATGAGGTGCTGACAAGTGAGGTAGCCAGCTCCAA,56
147,TCCATAATCAGTGAGGGGCAG,T2,T2_site1,30,GU,CTACGCCA,CAGCTCCAA,8,9,34.449,36.798,2.551,0.202,CTACGCCATCCATAATCAGTGAGGGGCAGCAGCTCCAA,38
148,CATCGCTGGTAGTGCGGGCATCCTGT,T2,T2_site1,30,GU,CTACGCCA,CAGCTCCAA,8,9,34.449,36.798,2.551,0.202,CTACGCCACATCGCTGGTAGTGCGGGCATCCTGTCAGCTCCAA,43
149,ACAGCGGCCTGGAGTGTTATGGGGAGATGTGGCTGAA,T2,T2_site1,30,GU,CTACGCCA,CAGCTCCAA,8,9,34.449,36.798,2.551,0.202,CTACGCCAACAGCGGCCTGGAGTGTTATGGGGAGATGTGGCTGAACAGCTCCAA,54
150,TACGCGGATTGACCAAAGTACCGAGGGGGTGGTGATGCGGTAGGG,T2,T2_site1,30,GU,CTACGCCA,CAGCTCCAA,8,9,34.449,36.798,2.551,0.202,CTACGCCATACGCGGATTGACCAAAGTACCGAGGGGGTGGTGATGCGGTAGGGCAGCTCCAA,62
151,CGCTAGAATGCTAAGCTATAGTGATTGAGAAGAGCTCGTGCGGTTAGGGAA,T2,T2_site1,30,GU,CTACGCCA,CAGCTCCAA,8,9,34.449,36.798,2.551,0.202,CTACGCCACGCTAGAATGCTAAGCTATAGTGATTGAGAAGAGCTCGTGCGGTTAGGGAACAGCTCCAA,68
152,GGCATGGTTGAGAGCTGAAG,T2,T2_site1,30,GU,CTACGCCA,CAGCTCCAA,8,9,34.449,36.798,2.551,0.202,CTACGCCAGGCATGGTTGAGAGCTGAAGCAGCTCCAA,37
153,GTACGACGGCAGTAAGCGGTTAGTGATGTTTGTTGC,T2,T2_site1,30,GU,CTACGCCA,CAGCTCCAA,8,9,34.449,36.798,2.551,0.202,CTACGCCAGTACGACGGCAGTAAGCGGTTAGTGATGTTTGTTGCCAGCTCCAA,53
154,TAGGTACATTAAGAGTGCTGTAGCGTTAGCGGTCGC,T2,T2_site1,30,GU,CTACGCCA,CAGCTCCAA,8,9,34.449,36.798,2.551,0.202,CTACGCCATAGGTACATTAAGAGTGCTGTAGCGTTAGCGGTCGCCAGCTCCAA,53
155,CATATAGCTCAGGTAGGGGTAGGGCGGAGTGCTAACGG,T2,T2_site1,30,GU,CTACGCCA,CAGCTCCAA,8,9,34.449,36.798,2.551,0.202,CTACGCCACATATAGCTCAGGTAGGGGTAGGGCGGAGTGCTAACGGCAGCTCCAA,55
156,TACACTGAAAGTAGAGCGGTCAGAAACAGGTGACGGATAG,T2,T2_site1,30,GU,CTACGCCA,CAGCTCCAA,8,9,34.449,36.798,2.551,0.202,CTACGCCATACACTGAAAGTAGAGCGGTCAGAAACAGGTGACGGATAGCAGCTCCAA,57
157,AGCGCGTGGTAACATGCGGGAGCACCAACGC,T2,T2_site1,30,GU,CTACGCCA,CAGCTCCAA,8,9,34.449,36.798,2.551,0.202,CTACGCCAAGCGCGTGGTAACATGCGGGAGCACCAACGCCAGCTCCAA,48
158,TCTCAGAGGAACGGTAGCAGAGTGGGTGCTAGGAGGTAGA,T2,T2_site1,30,GU,CTACGCCA,CAGCTCCAA,8,9,34.449,36.798,2.551,0.202,CTACGCCATCTCAGAGGAACGGTAGCAGAGTGGGTGCTAGGAGGTAGACAGCTCCAA,57
159,AGGATAGGTAGTGAGGAATGTACCGCAAGTGAGTGTCTCTTAGTCTCGA,T2,T2_site1,30,GU,CTACGCCA,CAGCTCCAA,8,9,34.449,36.798,2.551,0.202,CTACGCCAAGGATAGGTAGTGAGGAATGTACCGCAAGTGAGTGTCTCTTAGTCTCGACAGCTCCAA,66
160,AGGTACACGTAGAGGTAGTGACAGCACCAAAGTGAT,T2,T2_site1,30,GU,CTACGCCA,CAGCTCCAA,8,9,34.449,36.798,2.551,0.202,CTACGCCAAGGTACACGTAGAGGTAGTGACAGCACCAAAGTGATCAGCTCCAA,53
161,CTGAGAGTAGCGGTACAGGTGCTAAAGATGGATTACAGTGGGGCGTAA,T2,T2_site1,30,GU,CTACGCCA,CAGCTCCAA,8,9,34.449,36.798,2.551,0.202,CTACGCCACTGAGAGTAGCGGTACAGGTGCTAAAGATGGATTACAGTGGGGCGTAACAGCTCCAA,65
162,TAGCTAGAAAGTGGGCGCGTGGAGAGGGTAGATAGGCTAGGATTGGTAGGA,T2,T2_site1,30,GU,CTACGCCA,CAGCTCCAA,8,9,34.449,36.798,2.551,0.202,CTACGCCATAGCTAGAAAGTGGGCGCGTGGAGAGGGTAGATAGGCTAGGATTGGTAGGACAGCTCCAA,68
163,TGCGAGCGATTTAGCGTGTGTGGGGTACGGAGTATGGGAAGTAGT,T2,T2_site1,30,GU,CTACGCCA,CAGCTCCAA,8,9,34.449,36.798,2.551,0.202,CTACGCCATGCGAGCGATTTAGCGTGTGTGGGGTACGGAGTATGGGAAGTAGTCAGCTCCAA,62
164,TAGGCGGTGGTGGCAGAGATGCGCTAGTG,T2,T2_site1,30,GU,CTACGCCA,CAGCTCCAA,8,9,34.449,36.798,2.551,0.202,CTACGCCATAGGCGGTGGTGGCAGAGATGCGCTAGTGCAGCTCCAA,46
165,ATCAAGAGAGGAGCGGAGTGAGAAGAAGCGAGTGGAGGAGTGGCACGCGC,T2,T2_site1,30,GU,CTACGCCA,CAGCTCCAA,8,9,34.449,36.798,2.551,0.202,CTACGCCAATCAAGAGAGGAGCGGAGTGAGAAGAAGCGAGTGGAGGAGTGGCACGCGCCAGCTCCAA,67
166,ACAACTGTCGGGTATGAAGAGGGTTGTGTAAGGGG,T2,T2_site1,30,GU,CTACGCCA,CAGCTCCAA,8,9,34.449,36.798,2.551,0.202,CTACGCCAACAACTGTCGGGTATGAAGAGGGTTGTGTAAGGGGCAGCTCCAA,52
167,TGCTGCGGAGCTCAGTACCAGAGAGAGTTGCGATAGAGGGG,T2,T2_site1,30,GU,CTACGCCA,CAGCTCCAA,8,9,34.449,36.798,2.551,0.202,CTACGCCATGCTGCGGAGCTCAGTACCAGAGAGAGTTGCGATAGAGGGGCAGCTCCAA,58
168,GTGCCAGAAAGAGGCCAGGTATACAGGTGCTGCAATAGGGCGG,T2,T2_site1,30,GU,CTACGCCA,CAGCTCCAA,8,9,34.449,36.798,2.551,0.202,CTACGCCAGTGCCAGAAAGAGGCCAGGTATACAGGTGCTGCAATAGGGCGGCAGCTCCAA,60
169,AAGCGAGTGGGCACGACCGCGAGTTTGCCGAGGGGGGA,T2,T2_site1,30,GU,CTACGCCA,CAGCTCCAA,8,9,34.449,36.798,2.551,0.202,CTACGCCAAAGCGAGTGGGCACGACCGCGAGTTTGCCGAGGGGGGACAGCTCCAA,55
170,AGCACGATCAAGTGGTGTAATATGTGTCAAGCGGTT,T2,T2_site1,30,GU,CTACGCCA,CAGCTCCAA,8,9,34.449,36.798,2.551,0.202,CTACGCCAAGCACGATCAAGTGGTGTAATATGTGTCAAGCGGTTCAGCTCCAA,53
171,CCCAGATACGATAGGGAGGTTTGACGAAGCAAAGTGCATGA,T2,T2_site1,30,GU,CTACGCCA,CAGCTCCAA,8,9,34.449,36.798,2.551,0.202,CTACGCCACCCAGATACGATAGGGAGGTTTGACGAAGCAAAGTGCATGACAGCTCCAA,58
172,ACAGTCGTGCGAAGGGGTATCGTAAGGTGACGCAAGAGGTA,T2,T2_site1,30,GU,CTACGCCA,CAGCTCCAA,8,9,34.449,36.798,2.551,0.202,CTACGCCAACAGTCGTGCGAAGGGGTATCGTAAGGTGACGCAAGAGGTACAGCTCCAA,58
173,CGAGAGAGGTAGCGCTCATGACTACAGCTACCTATTTG,T2,T2_site1,30,GU,CTACGCCA,CAGCTCCAA,8,9,34.449,36.798,2.551,0.202,CTACGCCACGAGAGAGGTAGCGCTCATGACTACAGCTACCTATTTGCAGCTCCAA,55
174,GAGCTAGGGTCACGTGGGAGGCTGGTTGCGTGTTATGAACAGTTGCAGATAGCATAGTGA,T2,T2_site1,30,GU,CTACGCCA,CAGCTCCAA,8,9,34.449,36.798,2.551,0.202,CTACGCCAGAGCTAGGGTCACGTGGGAGGCTGGTTGCGTGTTATGAACAGTTGCAGATAGCATAGTGACAGCTCCAA,77
175,CGAAGCTGATGGGTAGGGGTTCCAC,T2,T2_site1,30,GU,CTACGCCA,CAGCTCCAA,8,9,34.449,36.798,2.551,0.202,CTACGCCACGAAGCTGATGGGTAGGGGTTCCACCAGCTCCAA,42
176,CACAGAGGGTAGGTGGAGCTATAA,T2,T2_site1,30,GU,CTACGCCA,CAGCTCCAA,8,9,34.449,36.798,2.551,0.202,CTACGCCACACAGAGGGTAGGTGGAGCTATAACAGCTCCAA,41
177,TACCTATCCAACGTACGGGGGTTGGGGAGCAGAGGTGGCTG,T2,T2_site1,30,GU,CTACGCCA,CAGCTCCAA,8,9,34.449,36.798,2.551,0.202,CTACGCCATACCTATCCAACGTACGGGGGTTGGGGAGCAGAGGTGGCTGCAGCTCCAA,58
178,AATAGCGCGGGTAGCGTGCAGGACA,T2,T2_site1,30,GU,CTACGCCA,CAGCTCCAA,8,9,34.449,36.798,2.551,0.202,CTACGCCAAATAGCGCGGGTAGCGTGCAGGACACAGCTCCAA,42
179,CGCTAGCAGGTGGTTAGCGGTGTCGCTAAGTAAGGGGT,T2,T2_site1,30,GU,CTACGCCA,CAGCTCCAA,8,9,34.449,36.798,2.551,0.202,CTACGCCACGCTAGCAGGTGGTTAGCGGTGTCGCTAAGTAAGGGGTCAGCTCCAA,55
180,ACTACATAGAGCTGCGAGCTAGCGTGCAGTGGGGG,T2,T2_site1,30,GU,CTACGCCA,CAGCTCCAA,8,9,34.449,36.798,2.551,0.202,CTACGCCAACTACATAGAGCTGCGAGCTAGCGTGCAGTGGGGGCAGCTCCAA,52
181,CCAGTAACGACGAGTGGGAGTAGGGAGCACAGTGGTGAT,T2,T2_site1,30,GU,CTACGCCA,CAGCTCCAA,8,9,34.449,36.798,2.551,0.202,CTACGCCACCAGTAACGACGAGTGGGAGTAGGGAGCACAGTGGTGATCAGCTCCAA,56
182,GCCGAGCAGCTACAAAGGTGGGTATGCAAGTGTAGGTGTA,T2,T2_site1,30,GU,CTACGCCA,CAGCTCCAA,8,9,34.449,36.798,2.551,0.202,CTACGCCAGCCGAGCAGCTACAAAGGTGGGTATGCAAGTGTAGGTGTACAGCTCCAA,57
183,CACGTAGCCAGGAGTTGGATTTAACGG,T2,T2_site1,30,GU,CTACGCCA,CAGCTCCAA,8,9,34.449,36.798,2.551,0.202,CTACGCCACACGTAGCCAGGAGTTGGATTTAACGGCAGCTCCAA,44
184,CTTATGACTCCAAAAGATACTCCAAGTTATGGGGTAG,T2,T2_site1,30,GU,CTACGCCA,CAGCTCCAA,8,9,34.449,36.798,2.551,0.202,CTACGCCACTTATGACTCCAAAAGATACTCCAAGTTATGGGGTAGCAGCTCCAA,54
185,GGGTAGCACAGCGTGGGGTC,T2,T2_site1,30,GU,CTACGCCA,CAGCTCCAA,8,9,34.449,36.798,2.551,0.202,CTACGCCAGGGTAGCACAGCGTGGGGTCCAGCTCCAA,37
186,CGTCGGGGGAAGCTAAATGGTTCTCTCGTGGTGTATCTGTGGCACGCT,T2,T2_site1,30,GU,CTACGCCA,CAGCTCCAA,8,9,34.449,36.798,2.551,0.202,CTACGCCACGTCGGGGGAAGCTAAATGGTTCTCTCGTGGTGTATCTGTGGCACGCTCAGCTCCAA,65
187,CAAGTGGAGTATCAATCCGCTTCGCGGAGGTGGGCAT,T2,T2_site1,30,GU,CTACGCCA,CAGCTCCAA,8,9,34.449,36.798,2.551,0.202,CTACGCCACAAGTGGAGTATCAATCCGCTTCGCGGAGGTGGGCATCAGCTCCAA,54
188,CACGTGTAGTAGTGATAGTAGCTAGAGGAGCCAGTGTCTGC,T2,T2_site1,30,GU,CTACGCCA,CAGCTCCAA,8,9,34.449,36.798,2.551,0.202,CTACGCCACACGTGTAGTAGTGATAGTAGCTAGAGGAGCCAGTGTCTGCCAGCTCCAA,58
189,CGTTAGGCCAAGTAGAGGTGCGTGCCTTC,T2,T2_site1,30,GU,CTACGCCA,CAGCTCCAA,8,9,34.449,36.798,2.551,0.202,CTACGCCACGTTAGGCCAAGTAGAGGTGCGTGCCTTCCAGCTCCAA,46
190,ACCGACTCCGGTTGGTAGATGGAAGGGAGGGATGCATGTG,T2,T2_site1,30,GU,CTACGCCA,CAGCTCCAA,8,9,34.449,36.798,2.551,0.202,CTACGCCAACCGACTCCGGTTGGTAGATGGAAGGGAGGGATGCATGTGCAGCTCCAA,57
191,AGCAGAGTGGGCTTAAAGGGG,T2,T2_site1,30,GU,CTACGCCA,CAGCTCCAA,8,9,34.449,36.798,2.551,0.202,CTACGCCAAGCAGAGTGGGCTTAAAGGGGCAGCTCCAA,38
192,GCGGTGCCAGTAGTGGAGGCTAGTTAAATAATCGGC,T2,T2_site1,30,GU,CTACGCCA,CAGCTCCAA,8,9,34.449,36.798,2.551,0.202,CTACGCCAGCGGTGCCAGTAGTGGAGGCTAGTTAAATAATCGGCCAGCTCCAA,53
193,GTGGAAGTGTATCGCTGAAGAGTTAGGTTGCGGAGG,T2,T2_site1,30,GU,CTACGCCA,CAGCTCCAA,8,9,34.449,36.798,2.551,0.202,CTACGCCAGTGGAAGTGTATCGCTGAAGAGTTAGGTTGCGGAGGCAGCTCCAA,53
194,TCCAGCGCAGTTAACTGGTAAGACTGTCCA,T2,T2_site1,30,GU,CTACGCCA,CAGCTCCAA,8,9,34.449,36.798,2.551,0.202,CTACGCCATCCAGCGCAGTTAACTGGTAAGACTGTCCACAGCTCCAA,47
195,GGGGGCTACAGCGCGTGCAGG,T2,T2_site1,30,GU,CTACGCCA,CAGCTCCAA,8,9,34.449,36.798,2.551,0.202,CTACGCCAGGGGGCTACAGCGCGTGCAGGCAGCTCCAA,38
196,CCGGTAGCACGTTCCCAGGTCC,T2,T2_site1,30,GU,CTACGCCA,CAGCTCCAA,8,9,34.449,36.798,2.551,0.202,CTACGCCACCGGTAGCACGTTCCCAGGTCCCAGCTCCAA,39
197,CTGGCTGAGGTAGTGTAGTAGCTCGTC,T2,T2_site1,30,GU,CTACGCCA,CAGCTCCAA,8,9,34.449,36.798,2.551,0.202,CTACGCCACTGGCTGAGGTAGTGTAGTAGCTCGTCCAGCTCCAA,44
198,TCTATGAGCTGTGCGGGATGTAATACCAGTC,T2,T2_site1,30,GU,CTACGCCA,CAGCTCCAA,8,9,34.449,36.798,2.551,0.202,CTACGCCATCTATGAGCTGTGCGGGATGTAATACCAGTCCAGCTCCAA,48
199,GTAAGAGGTGCGCACAGCTCTGTGAGCGCAAGGGGGGGTAGTGTC,T2,T2_site1,30,GU,CTACGCCA,CAGCTCCAA,8,9,34.449,36.798,2.551,0.202,CTACGCCAGTAAGAGGTGCGCACAGCTCTGTGAGCGCAAGGGGGGGTAGTGTCCAGCTCCAA,62
200,TCTATGTTCCAGAGTGCGGTCGCATGTTGGT,T2,T2_site1,30,GU,CTACGCCA,CAGCTCCAA,8,9,34.449,36.798,2.551,0.202,CTACGCCATCTATGTTCCAGAGTGCGGTCGCATGTTGGTCAGCTCCAA,48
201,ACCGGATGGGGTGACAGATGCAGCGTAACTC,T2,T2_site1,30,GU,CTACGCCA,CAGCTCCAA,8,9,34.449,36.798,2.551,0.202,CTACGCCAACCGGATGGGGTGACAGATGCAGCGTAACTCCAGCTCCAA,48
202,ACAGCGTGGGATGGCGAGATAGAGTGACGTGGTAC,T2,T2_site1,30,GU,CTACGCCA,CAGCTCCAA,8,9,34.449,36.798,2.551,0.202,CTACGCCAACAGCGTGGGATGGCGAGATAGAGTGACGTGGTACCAGCTCCAA,52
203,GTGGTAGCGCTTAGAGTGGGGCAGCTAGATGGAGGCAA,T2,T2_site1,30,GU,CTACGCCA,CAGCTCCAA,8,9,34.449,36.798,2.551,0.202,CTACGCCAGTGGTAGCGCTTAGAGTGGGGCAGCTAGATGGAGGCAACAGCTCCAA,55
204,GCAGTAGCACGGCAAGTGGAGGGAATAGCATGCCCGTCGTATGT,T2,T2_site1,30,GU,CTACGCCA,CAGCTCCAA,8,9,34.449,36.798,2.551,0.202,CTACGCCAGCAGTAGCACGGCAAGTGGAGGGAATAGCATGCCCGTCGTATGTCAGCTCCAA,61
205,CTCTCGATAGTGGATGAGGAGGTTTAAACGAGTGAGGGTT,T2,T2_site1,30,GU,CTACGCCA,CAGCTCCAA,8,9,34.449,36.798,2.551,0.202,CTACGCCACTCTCGATAGTGGATGAGGAGGTTTAAACGAGTGAGGGTTCAGCTCCAA,57
206,CTTCTCGTAGCGGGTACAGGGGGCGAACGGTAGAGAGGTTCAGC,T2,T2_site1,30,GU,CTACGCCA,CAGCTCCAA,8,9,34.449,36.798,2.551,0.202,CTACGCCACTTCTCGTAGCGGGTACAGGGGGCGAACGGTAGAGAGGTTCAGCCAGCTCCAA,61
207,TTCGAGTTACCGTAAGATAGCGTTTTG,T2,T2_site1,30,GU,CTACGCCA,CAGCTCCAA,8,9,34.449,36.798,2.551,0.202,CTACGCCATTCGAGTTACCGTAAGATAGCGTTTTGCAGCTCCAA,44
208,CACGAGAGCAGAGTACACTAGCGGGTAGGCCAGA,T2,T2_site1,30,GU,CTACGCCA,CAGCTCCAA,8,9,34.449,36.798,2.551,0.202,CTACGCCACACGAGAGCAGAGTACACTAGCGGGTAGGCCAGACAGCTCCAA,51
209,GCTATATGGGGTTCGTAACATCCACCATGTGGAGGTCG,T2,T2_site1,30,GU,CTACGCCA,CAGCTCCAA,8,9,34.449,36.798,2.551,0.202,CTACGCCAGCTATATGGGGTTCGTAACATCCACCATGTGGAGGTCGCAGCTCCAA,55
210,TCCCATCGTAGTGAAGGTACTGGGGAGGGTCAGATAGTAA,T2,T2_site1,30,GU,CTACGCCA,CAGCTCCAA,8,9,34.449,36.798,2.551,0.202,CTACGCCATCCCATCGTAGTGAAGGTACTGGGGAGGGTCAGATAGTAACAGCTCCAA,57
211,TTGATCAAGGCAGCGCAGGGGTGTGGATCTTAGTTAG,T2,T2_site1,30,GU,CTACGCCA,CAGCTCCAA,8,9,34.449,36.798,2.551,0.202,CTACGCCATTGATCAAGGCAGCGCAGGGGTGTGGATCTTAGTTAGCAGCTCCAA,54
212,TCATAGAGAAGTGGCATGCATGAGCTAGGTTATGGAG,T2,T2_site1,30,GU,CTACGCCA,CAGCTCCAA,8,9,34.449,36.798,2.551,0.202,CTACGCCATCATAGAGAAGTGGCATGCATGAGCTAGGTTATGGAGCAGCTCCAA,54
213,AAGAGGTGGGTAGTAGAGCG,T2,T2_site1,30,GU,CTACGCCA,CAGCTCCAA,8,9,34.449,36.798,2.551,0.202,CTACGCCAAAGAGGTGGGTAGTAGAGCGCAGCTCCAA,37
214,TATCGGGCAGTGGGAGTGAGTTATAGGGAGACTATTAAGGTATCGT,T2,T2_site1,30,GU,CTACGCCA,CAGCTCCAA,8,9,34.449,36.798,2.551,0.202,CTACGCCATATCGGGCAGTGGGAGTGAGTTATAGGGAGACTATTAAGGTATCGTCAGCTCCAA,63
215,CCAACGTATAGGGCTCACGCAGGTTGAACTGATGGAGCTAGTATCTCGTGTTATG,T2,T2_site1,30,GU,CTACGCCA,CAGCTCCAA,8,9,34.449,36.798,2.551,0.202,CTACGCCACCAACGTATAGGGCTCACGCAGGTTGAACTGATGGAGCTAGTATCTCGTGTTATGCAGCTCCAA,72
216,CCAGTCATCTTGTTAGATACGCCGTTTGGAGAGGCCCT,T2,T2_site1,30,GU,CTACGCCA,CAGCTCCAA,8,9,34.449,36.798,2.551,0.202,CTACGCCACCAGTCATCTTGTTAGATACGCCGTTTGGAGAGGCCCTCAGCTCCAA,55
217,TAGGTAGGGGAAATGTACAGATAGGCGACAC,T2,T2_site1,30,GU,CTACGCCA,CAGCTCCAA,8,9,34.449,36.798,2.551,0.202,CTACGCCATAGGTAGGGGAAATGTACAGATAGGCGACACCAGCTCCAA,48
218,ACCAATATAGGGATGTGACTCTAATATG,T2,T2_site1,30,GU,CTACGCCA,CAGCTCCAA,8,9,34.449,36.798,2.551,0.202,CTACGCCAACCAATATAGGGATGTGACTCTAATATGCAGCTCCAA,45
219,AACATAGAGGAAGTATAGGCGCGATGAGAGGCAGGGTACGGTTGTCAG,T2,T2_site1,30,GU,CTACGCCA,CAGCTCCAA,8,9,34.449,36.798,2.551,0.202,CTACGCCAAACATAGAGGAAGTATAGGCGCGATGAGAGGCAGGGTACGGTTGTCAGCAGCTCCAA,65
220,GGGCAGGTAGGAACTAACGGGAGTGCGGAGAGCGAGAGT,T2,T2_site1,30,GU,CTACGCCA,CAGCTCCAA,8,9,34.449,36.798,2.551,0.202,CTACGCCAGGGCAGGTAGGAACTAACGGGAGTGCGGAGAGCGAGAGTCAGCTCCAA,56
221,CAGCAGAGTCTAGCGCACAGGCAGTAGGCGAGCGTTAGGGG,T2,T2_site1,30,GU,CTACGCCA,CAGCTCCAA,8,9,34.449,36.798,2.551,0.202,CTACGCCACAGCAGAGTCTAGCGCACAGGCAGTAGGCGAGCGTTAGGGGCAGCTCCAA,58
222,TATCTCCAATGGAGGTAGGGTGAGGGGGTATTCCTG,T2,T2_site1,30,GU,CTACGCCA,CAGCTCCAA,8,9,34.449,36.798,2.551,0.202,CTACGCCATATCTCCAATGGAGGTAGGGTGAGGGGGTATTCCTGCAGCTCCAA,53
223,GGGTACGTTATAGGGACGCGGGGCCGGTGATGCGGAGT,T2,T2_site1,30,GU,CTACGCCA,CAGCTCCAA,8,9,34.449,36.798,2.551,0.202,CTACGCCAGGGTACGTTATAGGGACGCGGGGCCGGTGATGCGGAGTCAGCTCCAA,55
224,CTAGGGTAGTGAAGGTACCAAGTGGTAGCTGA,T2,T2_site1,30,GU,CTACGCCA,CAGCTCCAA,8,9,34.449,36.798,2.551,0.202,CTACGCCACTAGGGTAGTGAAGGTACCAAGTGGTAGCTGACAGCTCCAA,49
225,CATGTTCGTAGTGAGAGTGTGAGGAAATGATGGTAGCT,T2,T2_site1,30,GU,CTACGCCA,CAGCTCCAA,8,9,34.449,36.798,2.551,0.202,CTACGCCACATGTTCGTAGTGAGAGTGTGAGGAAATGATGGTAGCTCAGCTCCAA,55
226,CATCCACGGATTAGAAAGCGTTGTGAGTTAATGGGGTGTGGCGTTATGGCTCG,T2,T2_site1,30,GU,CTACGCCA,CAGCTCCAA,8,9,34.449,36.798,2.551,0.202,CTACGCCACATCCACGGATTAGAAAGCGTTGTGAGTTAATGGGGTGTGGCGTTATGGCTCGCAGCTCCAA,70
227,GCACGCATAGAATGTAAAGTGGGGGGAGAGGGGTAGGGTAT,T2,T2_site1,30,GU,CTACGCCA,CAGCTCCAA,8,9,34.449,36.798,2.551,0.202,CTACGCCAGCACGCATAGAATGTAAAGTGGGGGGAGAGGGGTAGGGTATCAGCTCCAA,58
228,GCAGTAAGCTAGGGTGGCGGG,T2,T2_site1,30,GU,CTACGCCA,CAGCTCCAA,8,9,34.449,36.798,2.551,0.202,CTACGCCAGCAGTAAGCTAGGGTGGCGGGCAGCTCCAA,38
229,GGGAGCGCAGTAGTGGTGTACTCGTTTT,T2,T2_site1,30,GU,CTACGCCA,CAGCTCCAA,8,9,34.449,36.798,2.551,0.202,CTACGCCAGGGAGCGCAGTAGTGGTGTACTCGTTTTCAGCTCCAA,45
230,CCAGAGAGCAAGGCCGACAAGTGTTACAGAAGAAG,T2,T2_site1,30,GU,CTACGCCA,CAGCTCCAA,8,9,34.449,36.798,2.551,0.202,CTACGCCACCAGAGAGCAAGGCCGACAAGTGTTACAGAAGAAGCAGCTCCAA,52
231,CCAGCACGAAAGCGCGGGGTTCCACGCTGATACGGTGCA,T2,T2_site1,30,GU,CTACGCCA,CAGCTCCAA,8,9,34.449,36.798,2.551,0.202,CTACGCCACCAGCACGAAAGCGCGGGGTTCCACGCTGATACGGTGCACAGCTCCAA,56
232,ACGAGCGAGGGTGCGAATAGTGTTGCAACTAGTAGGGA,T2,T2_site1,30,GU,CTACGCCA,CAGCTCCAA,8,9,34.449,36.798,2.551,0.202,CTACGCCAACGAGCGAGGGTGCGAATAGTGTTGCAACTAGTAGGGACAGCTCCAA,55
233,AGCCTACATATCGATGTGGTAAAGGGAGTGATA,T2,T2_site1,30,GU,CTACGCCA,CAGCTCCAA,8,9,34.449,36.798,2.551,0.202,CTACGCCAAGCCTACATATCGATGTGGTAAAGGGAGTGATACAGCTCCAA,50
234,GGGAAGGGCGTGTGGCAACTCATGTACTAAAGGGGGCAT,T2,T2_site1,30,GU,CTACGCCA,CAGCTCCAA,8,9,34.449,36.798,2.551,0.202,CTACGCCAGGGAAGGGCGTGTGGCAACTCATGTACTAAAGGGGGCATCAGCTCCAA,56
235,ACGACCTACATCGACCAGATTGAGAGTAGGGTTGTAGTGCCGGTG,T2,T2_site1,30,GU,CTACGCCA,CAGCTCCAA,8,9,34.449,36.798,2.551,0.202,CTACGCCAACGACCTACATCGACCAGATTGAGAGTAGGGTTGTAGTGCCGGTGCAGCTCCAA,62
236,ACCAACCAATGCAAGGGTCGCACAGTTAGCTTCGCTTATCA,T2,T2_site1,30,GU,CTACGCCA,CAGCTCCAA,8,9,34.449,36.798,2.551,0.202,CTACGCCAACCAACCAATGCAAGGGTCGCACAGTTAGCTTCGCTTATCACAGCTCCAA,58
237,AGCGCCGAGTTGCCGTTATGCAGTATGCAGGGTGGAACGCTAGCTGGTAG,T2,T2_site1,30,GU,CTACGCCA,CAGCTCCAA,8,9,34.449,36.798,2.551,0.202,CTACGCCAAGCGCCGAGTTGCCGTTATGCAGTATGCAGGGTGGAACGCTAGCTGGTAGCAGCTCCAA,67
238,CGCGAGTGGTAGTGCCAACAGCTTGTGAT,T2,T2_site1,30,GU,CTACGCCA,CAGCTCCAA,8,9,34.449,36.798,2.551,0.202,CTACGCCACGCGAGTGGTAGTGCCAACAGCTTGTGATCAGCTCCAA,46
239,TAGCGGAGTTTAGGGGAGGTAGTGAGCAGGAACGGTGCGCTGCGAT,T2,T2_site1,30,GU,CTACGCCA,CAGCTCCAA,8,9,34.449,36.798,2.551,0.202,CTACGCCATAGCGGAGTTTAGGGGAGGTAGTGAGCAGGAACGGTGCGCTGCGATCAGCTCCAA,63
240,CCAACCAGCTAAATCCAAGTAGGTAGAAGTGCGGG,T2,T2_site1,30,GU,CTACGCCA,CAGCTCCAA,8,9,34.449,36.798,2.551,0.202,CTACGCCACCAACCAGCTAAATCCAAGTAGGTAGAAGTGCGGGCAGCTCCAA,52
241,GAGGGAGGAGTGAGTAAGGTTAAGTATCGACATAAGCTACGCATAG,T2,T2_site1,30,GU,CTACGCCA,CAGCTCCAA,8,9,34.449,36.798,2.551,0.202,CTACGCCAGAGGGAGGAGTGAGTAAGGTTAAGTATCGACATAAGCTACGCATAGCAGCTCCAA,63
242,CGCGAGTGGTGAGAGCGATTTGTCACTACCAA,T2,T2_site1,30,GU,CTACGCCA,CAGCTCCAA,8,9,34.449,36.798,2.551,0.202,CTACGCCACGCGAGTGGTGAGAGCGATTTGTCACTACCAACAGCTCCAA,49
243,GGCTACAGTCTAGGTGGGCAGTTTGCTTTAACCTCCTTTTGC,T2,T2_site1,30,GU,CTACGCCA,CAGCTCCAA,8,9,34.449,36.798,2.551,0.202,CTACGCCAGGCTACAGTCTAGGTGGGCAGTTTGCTTTAACCTCCTTTTGCCAGCTCCAA,59
244,AGGGTGGACTTTCTGTAGGCGGGAGCAAGGCAATACGTGTGAGTCTG,T2,T2_site1,30,GU,CTACGCCA,CAGCTCCAA,8,9,34.449,36.798,2.551,0.202,CTACGCCAAGGGTGGACTTTCTGTAGGCGGGAGCAAGGCAATACGTGTGAGTCTGCAGCTCCAA,64
245,TATTGCCAAGTGAGGTACCAGCCTAGTGCTGGAGCC,T2,T2_site1,30,GU,CTACGCCA,CAGCTCCAA,8,9,34.449,36.798,2.551,0.202,CTACGCCATATTGCCAAGTGAGGTACCAGCCTAGTGCTGGAGCCCAGCTCCAA,53
246,TATCCCACAGTTATAGTGATAGCTAA,T2,T2_site1,30,GU,CTACGCCA,CAGCTCCAA,8,9,34.449,36.798,2.551,0.202,CTACGCCATATCCCACAGTTATAGTGATAGCTAACAGCTCCAA,43
247,TGCACTAATAAGGGCGTTGCAGTGGGGGGAGTGGTGTGACAT,T2,T2_site1,30,GU,CTACGCCA,CAGCTCCAA,8,9,34.449,36.798,2.551,0.202,CTACGCCATGCACTAATAAGGGCGTTGCAGTGGGGGGAGTGGTGTGACATCAGCTCCAA,59
248,TAGCCTTACTGGTGTAGGCAGAGGGTGCGATGAGGCTAGGA,T2,T2_site1,30,GU,CTACGCCA,CAGCTCCAA,8,9,34.449,36.798,2.551,0.202,CTACGCCATAGCCTTACTGGTGTAGGCAGAGGGTGCGATGAGGCTAGGACAGCTCCAA,58
249,GCGTGCAGCTTACCCAGGTGGTCTGATAGTGCGGG,T2,T2_site1,30,GU,CTACGCCA,CAGCTCCAA,8,9,34.449,36.798,2.551,0.202,CTACGCCAGCGTGCAGCTTACCCAGGTGGTCTGATAGTGCGGGCAGCTCCAA,52
250,AGGGTAGGCGACAGAGTTAGTGAGCGTGGTACGTCCC,T2,T2_site1,30,GU,CTACGCCA,CAGCTCCAA,8,9,34.449,36.798,2.551,0.202,CTACGCCAAGGGTAGGCGACAGAGTTAGTGAGCGTGGTACGTCCCCAGCTCCAA,54
251,CTTGTTAGCAAATCCAGAGCAGGGAGCTCGTGAGGTGTAG,T2,T2_site1,30,GU,CTACGCCA,CAGCTCCAA,8,9,34.449,36.798,2.551,0.202,CTACGCCACTTGTTAGCAAATCCAGAGCAGGGAGCTCGTGAGGTGTAGCAGCTCCAA,57
252,CAGGTAGGGCTCGAGATGTAGTGGCAATGCAGTGATCAAGTG,T2,T2_site1,30,GU,CTACGCCA,CAGCTCCAA,8,9,34.449,36.798,2.551,0.202,CTACGCCACAGGTAGGGCTCGAGATGTAGTGGCAATGCAGTGATCAAGTGCAGCTCCAA,59
253,ACCAACTGGGATAACATGTGAGTTGGTGGTACGC,T2,T2_site1,30,GU,CTACGCCA,CAGCTCCAA,8,9,34.449,36.798,2.551,0.202,CTACGCCAACCAACTGGGATAACATGTGAGTTGGTGGTACGCCAGCTCCAA,51
254,GGCTTGCTGAACTGGAGGTACATGGCATAGTAGCGGGTGGGTGTGGC,T2,T2_site1,30,GU,CTACGCCA,CAGCTCCAA,8,9,34.449,36.798,2.551,0.202,CTACGCCAGGCTTGCTGAACTGGAGGTACATGGCATAGTAGCGGGTGGGTGTGGCCAGCTCCAA,64
255,TCAGCTGGAGCAGTAGGGGTGCGCTGTGCTGTTTTGACTGTCATGGA,T2,T2_site1,30,GU,CTACGCCA,CAGCTCCAA,8,9,34.449,36.798,2.551,0.202,CTACGCCATCAGCTGGAGCAGTAGGGGTGCGCTGTGCTGTTTTGACTGTCATGGACAGCTCCAA,64
256,AACACCGTAGGAGGGCGTCTCTCTA,T2,T2_site1,30,GU,CTACGCCA,CAGCTCCAA,8,9,34.449,36.798,2.551,0.202,CTACGCCAAACACCGTAGGAGGGCGTCTCTCTACAGCTCCAA,42
257,CATCTTAAGCTATATGGGGTATGCAGGAGTGGCTGCTCC,T2,T2_site1,30,GU,CTACGCCA,CAGCTCCAA,8,9,34.449,36.798,2.551,0.202,CTACGCCACATCTTAAGCTATATGGGGTATGCAGGAGTGGCTGCTCCCAGCTCCAA,56
258,GCGACGAGGTGCGGGGATTGTGTTGCATGTAACGGTA,T2,T2_site1,30,GU,CTACGCCA,CAGCTCCAA,8,9,34.449,36.798,2.551,0.202,CTACGCCAGCGACGAGGTGCGGGGATTGTGTTGCATGTAACGGTACAGCTCCAA,54
259,TACAGAGCTGCAGCGAATTGTGAGGAATACAGTGAGGGG,T2,T2_site1,30,GU,CTACGCCA,CAGCTCCAA,8,9,34.449,36.798,2.551,0.202,CTACGCCATACAGAGCTGCAGCGAATTGTGAGGAATACAGTGAGGGGCAGCTCCAA,56
260,CATGTAGAGCAATACTTATTAATTGGAAAGGGGAGGT,T2,T2_site1,30,GU,CTACGCCA,CAGCTCCAA,8,9,34.449,36.798,2.551,0.202,CTACGCCACATGTAGAGCAATACTTATTAATTGGAAAGGGGAGGTCAGCTCCAA,54
261,TAGAGCGCAGTGGAGTACAGGTAGCAGAGGGGTATGC,T2,T2_site1,30,GU,CTACGCCA,CAGCTCCAA,8,9,34.449,36.798,2.551,0.202,CTACGCCATAGAGCGCAGTGGAGTACAGGTAGCAGAGGGGTATGCCAGCTCCAA,54
262,CACGAACAGCAGATGAAGACCATAGTAGCGTGGTTTGAGAGGCGCTGAGTTAG,T2,T2_site1,30,GU,CTACGCCA,CAGCTCCAA,8,9,34.449,36.798,2.551,0.202,CTACGCCACACGAACAGCAGATGAAGACCATAGTAGCGTGGTTTGAGAGGCGCTGAGTTAGCAGCTCCAA,70
263,GGGATAGCAGTAATGTAGCTTTAACGTTACCGT,T2,T2_site1,30,GU,CTACGCCA,CAGCTCCAA,8,9,34.449,36.798,2.551,0.202,CTACGCCAGGGATAGCAGTAATGTAGCTTTAACGTTACCGTCAGCTCCAA,50
264,TAGCAATAGGGAGTCTGATTGAGATGTAGGTAAGGT,T2,T2_site1,30,GU,CTACGCCA,CAGCTCCAA,8,9,34.449,36.798,2.551,0.202,CTACGCCATAGCAATAGGGAGTCTGATTGAGATGTAGGTAAGGTCAGCTCCAA,53
265,CCAAGGGTGGAGAGTAACAGTGAGAGGTACAATAGGGATAGGGCCTGCCTAAG,T2,T2_site1,30,GU,CTACGCCA,CAGCTCCAA,8,9,34.449,36.798,2.551,0.202,CTACGCCACCAAGGGTGGAGAGTAACAGTGAGAGGTACAATAGGGATAGGGCCTGCCTAAGCAGCTCCAA,70
266,TATCTTAGGAGCTAACGGTTCTGGCACAGACCATTTCTTCCCCTA,T2,T2_site1,30,GU,CTACGCCA,CAGCTCCAA,8,9,34.449,36.798,2.551,0.202,CTACGCCATATCTTAGGAGCTAACGGTTCTGGCACAGACCATTTCTTCCCCTACAGCTCCAA,62
267,GGGAGGGGTCGATTGGTCCTG,T2,T2_site1,30,GU,CTACGCCA,CAGCTCCAA,8,9,34.449,36.798,2.551,0.202,CTACGCCAGGGAGGGGTCGATTGGTCCTGCAGCTCCAA,38
268,ACCAAGGGGTAGGGATAGAGCGAG,T2,T2_site1,30,GU,CTACGCCA,CAGCTCCAA,8,9,34.449,36.798,2.551,0.202,CTACGCCAACCAAGGGGTAGGGATAGAGCGAGCAGCTCCAA,41
269,ACCAAGACCAGAGTGGCGTCAT,T2,T2_site1,30,GU,CTACGCCA,CAGCTCCAA,8,9,34.449,36.798,2.551,0.202,CTACGCCAACCAAGACCAGAGTGGCGTCATCAGCTCCAA,39
270,TACGTCACAGACAGTGCTAGCGGGTAGCGACAAGAGTTAG,T2,T2_site1,30,GU,CTACGCCA,CAGCTCCAA,8,9,34.449,36.798,2.551,0.202,CTACGCCATACGTCACAGACAGTGCTAGCGGGTAGCGACAAGAGTTAGCAGCTCCAA,57
271,AGCACCTATGTGCAGCGCTT,T2,T2_site1,30,GU,CTACGCCA,CAGCTCCAA,8,9,34.449,36.798,2.551,0.202,CTACGCCAAGCACCTATGTGCAGCGCTTCAGCTCCAA,37
272,CATAGCAAGGCTTAGGGGGGT,T2,T2_site1,30,GU,CTACGCCA,CAGCTCCAA,8,9,34.449,36.798,2.551,0.202,CTACGCCACATAGCAAGGCTTAGGGGGGTCAGCTCCAA,38
273,CACGGTGTCGTCGCTGAGGTTCCGTTGTCATCCTGC,T2,T2_site1,30,GU,CTACGCCA,CAGCTCCAA,8,9,34.449,36.798,2.551,0.202,CTACGCCACACGGTGTCGTCGCTGAGGTTCCGTTGTCATCCTGCCAGCTCCAA,53
274,GTCACCAACTATTGTTAGGCGCTAGCAGGTTGC,T2,T2_site1,30,GU,CTACGCCA,CAGCTCCAA,8,9,34.449,36.798,2.551,0.202,CTACGCCAGTCACCAACTATTGTTAGGCGCTAGCAGGTTGCCAGCTCCAA,50
275,ACGTCGAGTCGAGTGTTAGTGGGGAGTAAAGCGGCGGTTAGACAA,T2,T2_site1,30,GU,CTACGCCA,CAGCTCCAA,8,9,34.449,36.798,2.551,0.202,CTACGCCAACGTCGAGTCGAGTGTTAGTGGGGAGTAAAGCGGCGGTTAGACAACAGCTCCAA,62
276,GGGTATCGAATAGAGATGGATTGGGGGTGATCCCAGCAACAAGA,T2,T2_site1,30,GU,CTACGCCA,CAGCTCCAA,8,9,34.449,36.798,2.551,0.202,CTACGCCAGGGTATCGAATAGAGATGGATTGGGGGTGATCCCAGCAACAAGACAGCTCCAA,61
277,CGCTAAGGTGCAAGAGGGATAGCGGGGGAGGTAAGCTAGGTG,T2,T2_site1,30,GU,CTACGCCA,CAGCTCCAA,8,9,34.449,36.798,2.551,0.202,CTACGCCACGCTAAGGTGCAAGAGGGATAGCGGGGGAGGTAAGCTAGGTGCAGCTCCAA,59
278,TACATTGCAGCTAAAGTGGCTAGGTACAGGGTTAAACCTA,T2,T2_site1,30,GU,CTACGCCA,CAGCTCCAA,8,9,34.449,36.798,2.551,0.202,CTACGCCATACATTGCAGCTAAAGTGGCTAGGTACAGGGTTAAACCTACAGCTCCAA,57
279,TCGTGGATAGAGGTGGCGTCCAGGCTCGCTAAGGTG,T2,T2_site1,30,GU,CTACGCCA,CAGCTCCAA,8,9,34.449,36.798,2.551,0.202,CTACGCCATCGTGGATAGAGGTGGCGTCCAGGCTCGCTAAGGTGCAGCTCCAA,53
280,GGCGCATAGGGATGGAGACATGCCAGCAAGTGTGATAG,T2,T2_site1,30,GU,CTACGCCA,CAGCTCCAA,8,9,34.449,36.798,2.551,0.202,CTACGCCAGGCGCATAGGGATGGAGACATGCCAGCAAGTGTGATAGCAGCTCCAA,55
281,GGGAGCAAGCAGCACAGCTAGGATGTG,T2,T2_site1,30,GU,CTACGCCA,CAGCTCCAA,8,9,34.449,36.798,2.551,0.202,CTACGCCAGGGAGCAAGCAGCACAGCTAGGATGTGCAGCTCCAA,44
282,ACCAACAGGTTGGCGCTGAGGGTGCTGTCTTATTGTG,T2,T2_site1,30,GU,CTACGCCA,CAGCTCCAA,8,9,34.449,36.798,2.551,0.202,CTACGCCAACCAACAGGTTGGCGCTGAGGGTGCTGTCTTATTGTGCAGCTCCAA,54
283,CGACTTGTTGTAGTGTGGGTCGGGAGGCACGGTAGG,T2,T2_site1,30,GU,CTACGCCA,CAGCTCCAA,8,9,34.449,36.798,2.551,0.202,CTACGCCACGACTTGTTGTAGTGTGGGTCGGGAGGCACGGTAGGCAGCTCCAA,53
284,CATGTTGGTTGTGCAGGGGTTGGGAGCCAGGTACGAGCGG,T2,T2_site1,30,GU,CTACGCCA,CAGCTCCAA,8,9,34.449,36.798,2.551,0.202,CTACGCCACATGTTGGTTGTGCAGGGGTTGGGAGCCAGGTACGAGCGGCAGCTCCAA,57
285,TTGCGCAAGTCAGCGTGTAGGTGCTAGGGTAAAGAGTG,T2,T2_site1,30,GU,CTACGCCA,CAGCTCCAA,8,9,34.449,36.798,2.551,0.202,CTACGCCATTGCGCAAGTCAGCGTGTAGGTGCTAGGGTAAAGAGTGCAGCTCCAA,55
286,GAGCTAGAGTTACAGATTGGATTAGTGAAGCGTTAACGTCATG,T2,T2_site1,30,GU,CTACGCCA,CAGCTCCAA,8,9,34.449,36.798,2.551,0.202,CTACGCCAGAGCTAGAGTTACAGATTGGATTAGTGAAGCGTTAACGTCATGCAGCTCCAA,60
287,ATCGTGTAGGTAGGAGGGGCGTATCTAGTTACCAGCAATGAGGTGTCGGT,T2,T2_site1,30,GU,CTACGCCA,CAGCTCCAA,8,9,34.449,36.798,2.551,0.202,CTACGCCAATCGTGTAGGTAGGAGGGGCGTATCTAGTTACCAGCAATGAGGTGTCGGTCAGCTCCAA,67
288,TTCAGGAAGGGAGAGTGATAATGGTGGAG,T2,T2_site1,30,GU,CTACGCCA,CAGCTCCAA,8,9,34.449,36.798,2.551,0.202,CTACGCCATTCAGGAAGGGAGAGTGATAATGGTGGAGCAGCTCCAA,46
289,CGCGAGATGGGGTGGTGGCGCTCACTCAGAAGCGGA,T2,T2_site1,30,GU,CTACGCCA,CAGCTCCAA,8,9,34.449,36.798,2.551,0.202,CTACGCCACGCGAGATGGGGTGGTGGCGCTCACTCAGAAGCGGACAGCTCCAA,53
290,AGAGACGGCAGCTTGTGTAACCAGCATCGAGGGTAGCG,T2,T2_site1,30,GU,CTACGCCA,CAGCTCCAA,8,9,34.449,36.798,2.551,0.202,CTACGCCAAGAGACGGCAGCTTGTGTAACCAGCATCGAGGGTAGCGCAGCTCCAA,55
291,CGTATAGTTAAGGAGCGTGTCGTGAGTGATCATAACTGGAGAGAGCGA,T2,T2_site1,30,GU,CTACGCCA,CAGCTCCAA,8,9,34.449,36.798,2.551,0.202,CTACGCCACGTATAGTTAAGGAGCGTGTCGTGAGTGATCATAACTGGAGAGAGCGACAGCTCCAA,65
292,ACAGGGTGCAGGATACTGAGACGGCATGGTCTGTGCGG,T2,T2_site1,30,GU,CTACGCCA,CAGCTCCAA,8,9,34.449,36.798,2.551,0.202,CTACGCCAACAGGGTGCAGGATACTGAGACGGCATGGTCTGTGCGGCAGCTCCAA,55
293,CAAGCATGGGGATGGATGGGTAGGAGCGCAATCAAGTCAGGGACTGAGGTGTCAG,T2,T2_site1,30,GU,CTACGCCA,CAGCTCCAA,8,9,34.449,36.798,2.551,0.202,CTACGCCACAAGCATGGGGATGGATGGGTAGGAGCGCAATCAAGTCAGGGACTGAGGTGTCAGCAGCTCCAA,72
294,GGGAGAGGGGTACTGATAGCTTAGCGTAGCGGCTAGGACTGTGATGCT,T2,T2_site1,30,GU,CTACGCCA,CAGCTCCAA,8,9,34.449,36.798,2.551,0.202,CTACGCCAGGGAGAGGGGTACTGATAGCTTAGCGTAGCGGCTAGGACTGTGATGCTCAGCTCCAA,65
295,TACAGGAGTGGACCAAGCGAGAGTAGCCAAGCGCTTACTGTCAGA,T2,T2_site1,30,GU,CTACGCCA,CAGCTCCAA,8,9,34.449,36.798,2.551,0.202,CTACGCCATACAGGAGTGGACCAAGCGAGAGTAGCCAAGCGCTTACTGTCAGACAGCTCCAA,62
296,GCGTAAGTGTGGTGAGGTACCACATGGTGAGGGTGGTAG,T2,T2_site1,30,GU,CTACGCCA,CAGCTCCAA,8,9,34.449,36.798,2.551,0.202,CTACGCCAGCGTAAGTGTGGTGAGGTACCACATGGTGAGGGTGGTAGCAGCTCCAA,56
297,CGCTACATTGGCTGGAGATAGTGTCTGTATGGCTTGTGG,T2,T2_site1,30,GU,CTACGCCA,CAGCTCCAA,8,9,34.449,36.798,2.551,0.202,CTACGCCACGCTACATTGGCTGGAGATAGTGTCTGTATGGCTTGTGGCAGCTCCAA,56
298,AGAGGGAGGTACGGAGCGTAATCAGCAAGCACAGGTAAGGGGGTCA,T2,T2_site1,30,GU,CTACGCCA,CAGCTCCAA,8,9,34.449,36.798,2.551,0.202,CTACGCCAAGAGGGAGGTACGGAGCGTAATCAGCAAGCACAGGTAAGGGGGTCACAGCTCCAA,63
299,GGTATGGGTTAGCGTTGTCGTTTGGTAGAGTGGGGATGGTGCG,T2,T2_site1,30,GU,CTACGCCA,CAGCTCCAA,8,9,34.449,36.798,2.551,0.202,CTACGCCAGGTATGGGTTAGCGTTGTCGTTTGGTAGAGTGGGGATGGTGCGCAGCTCCAA,60
300,GCAGTGAGTTAGTGTAGGATACCTCCTCG,T2,T2_site1,30,GU,CTACGCCA,CAGCTCCAA,8,9,34.449,36.798,2.551,0.202,CTACGCCAGCAGTGAGTTAGTGTAGGATACCTCCTCGCAGCTCCAA,46
301,CACAGGGTTATGGATAACGGTCAT,T2,T2_site1,30,GU,CTACGCCA,CAGCTCCAA,8,9,34.449,36.798,2.551,0.202,CTACGCCACACAGGGTTATGGATAACGGTCATCAGCTCCAA,41
302,TCCTTAACAGTGCAGGGTTGAGCGTGTTAAGAGGTGGGTA,T2,T2_site1,30,GU,CTACGCCA,CAGCTCCAA,8,9,34.449,36.798,2.551,0.202,CTACGCCATCCTTAACAGTGCAGGGTTGAGCGTGTTAAGAGGTGGGTACAGCTCCAA,57
303,GTGACAGGACTGGCAGGGGGAGTGTTACATAGGTGCGTGA,T2,T2_site1,30,GU,CTACGCCA,CAGCTCCAA,8,9,34.449,36.798,2.551,0.202,CTACGCCAGTGACAGGACTGGCAGGGGGAGTGTTACATAGGTGCGTGACAGCTCCAA,57
304,ATACGATTGGGTTTACTGATAGAGTGCGGCGCAAGGTGA,T2,T2_site1,30,GU,CTACGCCA,CAGCTCCAA,8,9,34.449,36.798,2.551,0.202,CTACGCCAATACGATTGGGTTTACTGATAGAGTGCGGCGCAAGGTGACAGCTCCAA,56
305,ACCAACACAAGTGAGGACCAGAGGGCAAGGGGTGCAGCTTGAAT,T2,T2_site1,30,GU,CTACGCCA,CAGCTCCAA,8,9,34.449,36.798,2.551,0.202,CTACGCCAACCAACACAAGTGAGGACCAGAGGGCAAGGGGTGCAGCTTGAATCAGCTCCAA,61
306,AGGGACGAAGGTATGCGTCGCCAATAGAGGTGGAGGTGAGGG,T2,T2_site1,30,GU,CTACGCCA,CAGCTCCAA,8,9,34.449,36.798,2.551,0.202,CTACGCCAAGGGACGAAGGTATGCGTCGCCAATAGAGGTGGAGGTGAGGGCAGCTCCAA,59
307,GATACAGTGGTATGGAGGTTAGCGTAGTAGGGTGGTTAT,T2,T2_site1,30,GU,CTACGCCA,CAGCTCCAA,8,9,34.449,36.798,2.551,0.202,CTACGCCAGATACAGTGGTATGGAGGTTAGCGTAGTAGGGTGGTTATCAGCTCCAA,56
308,ACGAAGTGGCGAGAGCGGTAAGCGCATTCTCAGGGATCCAT,T2,T2_site1,30,GU,CTACGCCA,CAGCTCCAA,8,9,34.449,36.798,2.551,0.202,CTACGCCAACGAAGTGGCGAGAGCGGTAAGCGCATTCTCAGGGATCCATCAGCTCCAA,58
309,TCCATGTGGGTCTGGAGTTATCTACTCCTATCTCATGGAGGGTAGC,T2,T2_site1,30,GU,CTACGCCA,CAGCTCCAA,8,9,34.449,36.798,2.551,0.202,CTACGCCATCCATGTGGGTCTGGAGTTATCTACTCCTATCTCATGGAGGGTAGCCAGCTCCAA,63
310,TGTTCTTGCTCTACTTTCGGGAGGGTGTGAGGTAGTG,T2,T2_site1,30,GU,CTACGCCA,CAGCTCCAA,8,9,34.449,36.798,2.551,0.202,CTACGCCATGTTCTTGCTCTACTTTCGGGAGGGTGTGAGGTAGTGCAGCTCCAA,54
311,GCGGTAGACGTACCAACGGTGTAGCCTAATAGTGAGGATGGCGAAG,T2,T2_site1,30,GU,CTACGCCA,CAGCTCCAA,8,9,34.449,36.798,2.551,0.202,CTACGCCAGCGGTAGACGTACCAACGGTGTAGCCTAATAGTGAGGATGGCGAAGCAGCTCCAA,63
312,CCGGGAAGTGCCGAGTGATGGCAGGTTGCTAACCAAT,T2,T2_site1,30,GU,CTACGCCA,CAGCTCCAA,8,9,34.449,36.798,2.551,0.202,CTACGCCACCGGGAAGTGCCGAGTGATGGCAGGTTGCTAACCAATCAGCTCCAA,54
313,GAGAGTGCAAGCACAGTGCAG,T2,T2_site1,30,GU,CTACGCCA,CAGCTCCAA,8,9,34.449,36.798,2.551,0.202,CTACGCCAGAGAGTGCAAGCACAGTGCAGCAGCTCCAA,38
314,CATCTCGAGCTACTTCGTGGGGTAGGGAAGTCCC,T2,T2_site1,30,GU,CTACGCCA,CAGCTCCAA,8,9,34.449,36.798,2.551,0.202,CTACGCCACATCTCGAGCTACTTCGTGGGGTAGGGAAGTCCCCAGCTCCAA,51
315,GCCGCGACCAGTTATGCGTCGGGAATAGGGCAG,T2,T2_site1,30,GU,CTACGCCA,CAGCTCCAA,8,9,34.449,36.798,2.551,0.202,CTACGCCAGCCGCGACCAGTTATGCGTCGGGAATAGGGCAGCAGCTCCAA,50
316,CATCTCAAATAGTGTGCGGCTGGAACATCCAATGGCATGAAAGTGGCGG,T2,T2_site1,30,GU,CTACGCCA,CAGCTCCAA,8,9,34.449,36.798,2.551,0.202,CTACGCCACATCTCAAATAGTGTGCGGCTGGAACATCCAATGGCATGAAAGTGGCGGCAGCTCCAA,66
317,CAAGGAGGTAGGGAGGGTAGGGTGCGGATGCTCTCCC,T2,T2_site1,30,GU,CTACGCCA,CAGCTCCAA,8,9,34.449,36.798,2.551,0.202,CTACGCCACAAGGAGGTAGGGAGGGTAGGGTGCGGATGCTCTCCCCAGCTCCAA,54
318,GCGGTAGGGAGTGTGGCAAGTTAGATTAGTCTGAGGTATGGAGTCCTAGAG,T2,T2_site1,30,GU,CTACGCCA,CAGCTCCAA,8,9,34.449,36.798,2.551,0.202,CTACGCCAGCGGTAGGGAGTGTGGCAAGTTAGATTAGTCTGAGGTATGGAGTCCTAGAGCAGCTCCAA,68
319,AGGACGGGGCTACAGGAGAGCGGAGCTAGCCTGAGGCAGATAG,T2,T2_site1,30,GU,CTACGCCA,CAGCTCCAA,8,9,34.449,36.798,2.551,0.202,CTACGCCAAGGACGGGGCTACAGGAGAGCGGAGCTAGCCTGAGGCAGATAGCAGCTCCAA,60
320,AGCGAGTGGTGATGAGGGTGGTCAAGGTCCAGTTTTACGCGAGTG,T2,T2_site1,30,GU,CTACGCCA,CAGCTCCAA,8,9,34.449,36.798,2.551,0.202,CTACGCCAAGCGAGTGGTGATGAGGGTGGTCAAGGTCCAGTTTTACGCGAGTGCAGCTCCAA,62
321,CTTGTTGTGTCTGGAGAGCGTGGTAGTGAACTGTAGG,T2,T2_site1,30,GU,CTACGCCA,CAGCTCCAA,8,9,34.449,36.798,2.551,0.202,CTACGCCACTTGTTGTGTCTGGAGAGCGTGGTAGTGAACTGTAGGCAGCTCCAA,54
322,TACGTCGAGCAGCGATTCAGGGAGTTAGAGTGTCTCCTAC,T2,T2_site1,30,GU,CTACGCCA,CAGCTCCAA,8,9,34.449,36.798,2.551,0.202,CTACGCCATACGTCGAGCAGCGATTCAGGGAGTTAGAGTGTCTCCTACCAGCTCCAA,57
323,CTCTTTCCCCAGCAGCGGGTAGTGGGTATTCCAATCCGTTACTGAGGGGGT,T2,T2_site1,30,GU,CTACGCCA,CAGCTCCAA,8,9,34.449,36.798,2.551,0.202,CTACGCCACTCTTTCCCCAGCAGCGGGTAGTGGGTATTCCAATCCGTTACTGAGGGGGTCAGCTCCAA,68
324,AACCAAGCGAGAAGGGGGTCCGTGCTGAGGTGTCGCTAGCGAGAAG,T2,T2_site1,30,GU,CTACGCCA,CAGCTCCAA,8,9,34.449,36.798,2.551,0.202,CTACGCCAAACCAAGCGAGAAGGGGGTCCGTGCTGAGGTGTCGCTAGCGAGAAGCAGCTCCAA,63
325,ACGATACGGTGAAGAGGTAGGGTGCATGTCTCCTTCACGT,T2,T2_site1,30,GU,CTACGCCA,CAGCTCCAA,8,9,34.449,36.798,2.551,0.202,CTACGCCAACGATACGGTGAAGAGGTAGGGTGCATGTCTCCTTCACGTCAGCTCCAA,57
326,CACGTGCGGTGATGTAGCGGGGAAAGGAAGTTATAGTCGACGGGATTCCAAT,T2,T2_site1,30,GU,CTACGCCA,CAGCTCCAA,8,9,34.449,36.798,2.551,0.202,CTACGCCACACGTGCGGTGATGTAGCGGGGAAAGGAAGTTATAGTCGACGGGATTCCAATCAGCTCCAA,69
327,CACCGATCGTGGAGTAGGGTACGGATAGCCACACAT,T2,T2_site1,30,GU,CTACGCCA,CAGCTCCAA,8,9,34.449,36.798,2.551,0.202,CTACGCCACACCGATCGTGGAGTAGGGTACGGATAGCCACACATCAGCTCCAA,53
328,TAATCGTGGTGTACTGCGACCCATTCATCTAC,T2,T2_site1,30,GU,CTACGCCA,CAGCTCCAA,8,9,34.449,36.798,2.551,0.202,CTACGCCATAATCGTGGTGTACTGCGACCCATTCATCTACCAGCTCCAA,49
329,CCACGGACAGACGAGGTAGAGTTAGCATCAACCAGCT,T2,T2_site1,30,GU,CTACGCCA,CAGCTCCAA,8,9,34.449,36.798,2.551,0.202,CTACGCCACCACGGACAGACGAGGTAGAGTTAGCATCAACCAGCTCAGCTCCAA,54
330,CACAAACTAAGGTAGGGGTGA,T2,T2_site1,30,GU,CTACGCCA,CAGCTCCAA,8,9,34.449,36.798,2.551,0.202,CTACGCCACACAAACTAAGGTAGGGGTGACAGCTCCAA,38
331,GGCGAGCGGGCTCAGGTGCGT,T2,T2_site1,30,GU,CTACGCCA,CAGCTCCAA,8,9,34.449,36.798,2.551,0.202,CTACGCCAGGCGAGCGGGCTCAGGTGCGTCAGCTCCAA,38
332,GTCAGCATAGTGACGAGTGTGCCAAGACTATACCGAGATA,T2,T2_site1,30,GU,CTACGCCA,CAGCTCCAA,8,9,34.449,36.798,2.551,0.202,CTACGCCAGTCAGCATAGTGACGAGTGTGCCAAGACTATACCGAGATACAGCTCCAA,57
333,ACGAGTGTGGCTGTAGTGTTGGAGATTTAGTTT,T2,T2_site1,30,GU,CTACGCCA,CAGCTCCAA,8,9,34.449,36.798,2.551,0.202,CTACGCCAACGAGTGTGGCTGTAGTGTTGGAGATTTAGTTTCAGCTCCAA,50
334,TTCAAGTACAGTGTTAGTGCATGTTTTGCCATAGTGTG,T2,T2_site1,30,GU,CTACGCCA,CAGCTCCAA,8,9,34.449,36.798,2.551,0.202,CTACGCCATTCAAGTACAGTGTTAGTGCATGTTTTGCCATAGTGTGCAGCTCCAA,55
335,ATAAGGCAGCGAGCACGGTGTCCAATACCCCT,T2,T2_site1,30,GU,CTACGCCA,CAGCTCCAA,8,9,34.449,36.798,2.551,0.202,CTACGCCAATAAGGCAGCGAGCACGGTGTCCAATACCCCTCAGCTCCAA,49
336,AGCGTCTCGCGAACACAGTGAGGGTTAT,T2,T2_site1,30,GU,CTACGCCA,CAGCTCCAA,8,9,34.449,36.798,2.551,0.202,CTACGCCAAGCGTCTCGCGAACACAGTGAGGGTTATCAGCTCCAA,45
337,ACCAACGCAAGTGTGTAATGATC,T2,T2_site1,30,GU,CTACGCCA,CAGCTCCAA,8,9,34.449,36.798,2.551,0.202,CTACGCCAACCAACGCAAGTGTGTAATGATCCAGCTCCAA,40
338,CACGTGCAGTTATGGAGGCTATCGACGAGGAGGGTTTAGAGGGGCAG,T2,T2_site1,30,GU,CTACGCCA,CAGCTCCAA,8,9,34.449,36.798,2.551,0.202,CTACGCCACACGTGCAGTTATGGAGGCTATCGACGAGGAGGGTTTAGAGGGGCAGCAGCTCCAA,64
339,TACGCGAGGCACGGAGGGAGCGCTATTTAGGCTGGT,T2,T2_site1,30,GU,CTACGCCA,CAGCTCCAA,8,9,34.449,36.798,2.551,0.202,CTACGCCATACGCGAGGCACGGAGGGAGCGCTATTTAGGCTGGTCAGCTCCAA,53
340,TGTACTGGCTAGGTTGGCGACGGAGGCTGAGAGGGGTCA,T2,T2_site1,30,GU,CTACGCCA,CAGCTCCAA,8,9,34.449,36.798,2.551,0.202,CTACGCCATGTACTGGCTAGGTTGGCGACGGAGGCTGAGAGGGGTCACAGCTCCAA,56
341,CCAGTAGGTACCGTAGGGCAGAGGGGCTGTCCACCTGCCAAT,T2,T2_site1,30,GU,CTACGCCA,CAGCTCCAA,8,9,34.449,36.798,2.551,0.202,CTACGCCACCAGTAGGTACCGTAGGGCAGAGGGGCTGTCCACCTGCCAATCAGCTCCAA,59
342,ACGGGCGGGGAGAGGTACAGATGGTAGCGCACGTGCAGAGGAGTGTTAGACGG,T2,T2_site1,30,GU,CTACGCCA,CAGCTCCAA,8,9,34.449,36.798,2.551,0.202,CTACGCCAACGGGCGGGGAGAGGTACAGATGGTAGCGCACGTGCAGAGGAGTGTTAGACGGCAGCTCCAA,70
343,ACCAACCTAAGCGTGCTATGTTAATCAAGTCA,T2,T2_site1,30,GU,CTACGCCA,CAGCTCCAA,8,9,34.449,36.798,2.551,0.202,CTACGCCAACCAACCTAAGCGTGCTATGTTAATCAAGTCACAGCTCCAA,49
344,GACGCAGGGCGTGATACGCCC,T2,T2_site1,30,GU,CTACGCCA,CAGCTCCAA,8,9,34.449,36.798,2.551,0.202,CTACGCCAGACGCAGGGCGTGATACGCCCCAGCTCCAA,38
345,CATAGAGCTAGGGGGGACGTGGTGGCGCAGGACAG,T2,T2_site1,30,GU,CTACGCCA,CAGCTCCAA,8,9,34.449,36.798,2.551,0.202,CTACGCCACATAGAGCTAGGGGGGACGTGGTGGCGCAGGACAGCAGCTCCAA,52
346,ACTAGCAGTACCGAGTGCCAACATAGTGGGGTGTGGGTT,T2,T2_site1,30,GU,CTACGCCA,CAGCTCCAA,8,9,34.449,36.798,2.551,0.202,CTACGCCAACTAGCAGTACCGAGTGCCAACATAGTGGGGTGTGGGTTCAGCTCCAA,56
347,GAGCAACTCGCATGGAGCGTAGAGAGTAGGGGCTAGCGTTGCGTGGCGAC,T2,T2_site1,30,GU,CTACGCCA,CAGCTCCAA,8,9,34.449,36.798,2.551,0.202,CTACGCCAGAGCAACTCGCATGGAGCGTAGAGAGTAGGGGCTAGCGTTGCGTGGCGACCAGCTCCAA,67
348,CAGCTCGTTGATTGAGATTGGAGAGGGTAAAGAGTGTAGCGGTTAG,T2,T2_site1,30,GU,CTACGCCA,CAGCTCCAA,8,9,34.449,36.798,2.551,0.202,CTACGCCACAGCTCGTTGATTGAGATTGGAGAGGGTAAAGAGTGTAGCGGTTAGCAGCTCCAA,63
349,CCAAGTTTGAGCTCGTAGTGTTATTTTTCT,T2,T2_site1,30,GU,CTACGCCA,CAGCTCCAA,8,9,34.449,36.798,2.551,0.202,CTACGCCACCAAGTTTGAGCTCGTAGTGTTATTTTTCTCAGCTCCAA,47
350,GAGCTGCATGAACTGCAAGTGCAGGGTTGAGGCATCTCT,T2,T2_site1,30,GU,CTACGCCA,CAGCTCCAA,8,9,34.449,36.798,2.551,0.202,CTACGCCAGAGCTGCATGAACTGCAAGTGCAGGGTTGAGGCATCTCTCAGCTCCAA,56
351,ACGTAGCGAGTGGCGTAGGGAGGGTACGCCTA,T2,T2_site1,30,GU,CTACGCCA,CAGCTCCAA,8,9,34.449,36.798,2.551,0.202,CTACGCCAACGTAGCGAGTGGCGTAGGGAGGGTACGCCTACAGCTCCAA,49
352,CGCGAGCGTGGAGAGGGGTTGGGGGCTGGTAGCAGAGGATGTAGAGCG,T2,T2_site1,30,GU,CTACGCCA,CAGCTCCAA,8,9,34.449,36.798,2.551,0.202,CTACGCCACGCGAGCGTGGAGAGGGGTTGGGGGCTGGTAGCAGAGGATGTAGAGCGCAGCTCCAA,65
353,TAGTGCCAAGTGTACTGGCTGATCGGGGAAACTACGGTATCACGGATCGT,T2,T2_site1,30,GU,CTACGCCA,CAGCTCCAA,8,9,34.449,36.798,2.551,0.202,CTACGCCATAGTGCCAAGTGTACTGGCTGATCGGGGAAACTACGGTATCACGGATCGTCAGCTCCAA,67
354,ACATATAGGGCGTGGTATAGTGTCCGGCTAGTGC,T2,T2_site1,30,GU,CTACGCCA,CAGCTCCAA,8,9,34.449,36.798,2.551,0.202,CTACGCCAACATATAGGGCGTGGTATAGTGTCCGGCTAGTGCCAGCTCCAA,51
355,TCCAGGATCGACAGCGTCATACGGAGGTGTGTAGA,T2,T2_site1,30,GU,CTACGCCA,CAGCTCCAA,8,9,34.449,36.798,2.551,0.202,CTACGCCATCCAGGATCGACAGCGTCATACGGAGGTGTGTAGACAGCTCCAA,52
356,TCCATCTTAGCGTAGTGGAGGAACTAGTGTTAGGTTGAAGGAGCTAACGTCT,T2,T2_site1,30,GU,CTACGCCA,CAGCTCCAA,8,9,34.449,36.798,2.551,0.202,CTACGCCATCCATCTTAGCGTAGTGGAGGAACTAGTGTTAGGTTGAAGGAGCTAACGTCTCAGCTCCAA,69
357,TAGCGGCAGGTTAGCGAGGGAGTTGCTGTGAGCGTGTTA,T2,T2_site1,30,GU,CTACGCCA,CAGCTCCAA,8,9,34.449,36.798,2.551,0.202,CTACGCCATAGCGGCAGGTTAGCGAGGGAGTTGCTGTGAGCGTGTTACAGCTCCAA,56
358,GCCACAGGAGCTGGTATAGAATAGTGTGGGGAGGAGCACAGG,T2,T2_site1,30,GU,CTACGCCA,CAGCTCCAA,8,9,34.449,36.798,2.551,0.202,CTACGCCAGCCACAGGAGCTGGTATAGAATAGTGTGGGGAGGAGCACAGGCAGCTCCAA,59
359,ACCCATGCTATTGTAGTGGTTTGTAGGGGTAAGTA,T2,T2_site1,30,GU,CTACGCCA,CAGCTCCAA,8,9,34.449,36.798,2.551,0.202,CTACGCCAACCCATGCTATTGTAGTGGTTTGTAGGGGTAAGTACAGCTCCAA,52
360,CAGGTGATGAAGTGAGCCACATGGTATGGAGGGGTCT,T2,T2_site1,30,GU,CTACGCCA,CAGCTCCAA,8,9,34.449,36.798,2.551,0.202,CTACGCCACAGGTGATGAAGTGAGCCACATGGTATGGAGGGGTCTCAGCTCCAA,54
361,TACTTAGCAGGTTGGAGTTAATTCCAAGGGCGGGG,T2,T2_site1,30,GU,CTACGCCA,CAGCTCCAA,8,9,34.449,36.798,2.551,0.202,CTACGCCATACTTAGCAGGTTGGAGTTAATTCCAAGGGCGGGGCAGCTCCAA,52
362,CACTGATATCCATGTTAGAGAGGGGGTCAGGGTTTAGATAGG,T2,T2_site1,30,GU,CTACGCCA,CAGCTCCAA,8,9,34.449,36.798,2.551,0.202,CTACGCCACACTGATATCCATGTTAGAGAGGGGGTCAGGGTTTAGATAGGCAGCTCCAA,59
363,CCCTAAGCGGTAGTGTAAGGTTGTTGTGATCCAG,T2,T2_site1,30,GU,CTACGCCA,CAGCTCCAA,8,9,34.449,36.798,2.551,0.202,CTACGCCACCCTAAGCGGTAGTGTAAGGTTGTTGTGATCCAGCAGCTCCAA,51
364,GGGCAGGATAGAGCGCGAGTGATGCC,T2,T2_site1,30,GU,CTACGCCA,CAGCTCCAA,8,9,34.449,36.798,2.551,0.202,CTACGCCAGGGCAGGATAGAGCGCGAGTGATGCCCAGCTCCAA,43
365,GAGTTAGCGGAATAGAGTGAGTTGGGCAACCGTACCAAC,T2,T2_site1,30,GU,CTACGCCA,CAGCTCCAA,8,9,34.449,36.798,2.551,0.202,CTACGCCAGAGTTAGCGGAATAGAGTGAGTTGGGCAACCGTACCAACCAGCTCCAA,56
366,ACTATTAACGAGAGTGGGGTTTGGTGTGGGGATAGGTA,T2,T2_site1,30,GU,CTACGCCA,CAGCTCCAA,8,9,34.449,36.798,2.551,0.202,CTACGCCAACTATTAACGAGAGTGGGGTTTGGTGTGGGGATAGGTACAGCTCCAA,55
367,GACTTTGAGGAATAGTCCGTTTGCGAGAACGGGTCATAGAGCA,T2,T2_site1,30,GU,CTACGCCA,CAGCTCCAA,8,9,34.449,36.798,2.551,0.202,CTACGCCAGACTTTGAGGAATAGTCCGTTTGCGAGAACGGGTCATAGAGCACAGCTCCAA,60
368,GCAGGTTGGGTAGACAAGAGGGAGGGAAGCAATACAGTATGGGTGGAGCA,T2,T2_site1,30,GU,CTACGCCA,CAGCTCCAA,8,9,34.449,36.798,2.551,0.202,CTACGCCAGCAGGTTGGGTAGACAAGAGGGAGGGAAGCAATACAGTATGGGTGGAGCACAGCTCCAA,67
369,TCCATAGGCTGAGCGCGGTATAGGTGATGCGGAAGTAGCGCGACGCTCCT,T2,T2_site1,30,GU,CTACGCCA,CAGCTCCAA,8,9,34.449,36.798,2.551,0.202,CTACGCCATCCATAGGCTGAGCGCGGTATAGGTGATGCGGAAGTAGCGCGACGCTCCTCAGCTCCAA,67
370,CATGGGCTAGGACTTATAGTAGCTAAGGGGTGGTACAG,T2,T2_site1,30,GU,CTACGCCA,CAGCTCCAA,8,9,34.449,36.798,2.551,0.202,CTACGCCACATGGGCTAGGACTTATAGTAGCTAAGGGGTGGTACAGCAGCTCCAA,55
371,GGCATAACAAAGTGAGGTAGCAT,T2,T2_site1,30,GU,CTACGCCA,CAGCTCCAA,8,9,34.449,36.798,2.551,0.202,CTACGCCAGGCATAACAAAGTGAGGTAGCATCAGCTCCAA,40
372,CGCTAGCGTATCCACGAAGAGATGGACTGGTAGTGC,T2,T2_site1,30,GU,CTACGCCA,CAGCTCCAA,8,9,34.449,36.798,2.551,0.202,CTACGCCACGCTAGCGTATCCACGAAGAGATGGACTGGTAGTGCCAGCTCCAA,53
373,GGGGAGCTGGAGTGATGGATCAAGCGCG,T2,T2_site1,30,GU,CTACGCCA,CAGCTCCAA,8,9,34.449,36.798,2.551,0.202,CTACGCCAGGGGAGCTGGAGTGATGGATCAAGCGCGCAGCTCCAA,45
374,GGCATGGCGCTAACAGAGAGCGTGAGGGAGCTTATA,T2,T2_site1,30,GU,CTACGCCA,CAGCTCCAA,8,9,34.449,36.798,2.551,0.202,CTACGCCAGGCATGGCGCTAACAGAGAGCGTGAGGGAGCTTATACAGCTCCAA,53
375,CAGGTAGTGTAGCCAGAGCGCAGGTTCAGGCGGGGTTACTATTTTCGC,T2,T2_site1,30,GU,CTACGCCA,CAGCTCCAA,8,9,34.449,36.798,2.551,0.202,CTACGCCACAGGTAGTGTAGCCAGAGCGCAGGTTCAGGCGGGGTTACTATTTTCGCCAGCTCCAA,65
376,CACAGAGAGCCTGGGTGTAGTGGAAGTAGGTTCCTATCAAGGGCCATGCT,T2,T2_site1,30,GU,CTACGCCA,CAGCTCCAA,8,9,34.449,36.798,2.551,0.202,CTACGCCACACAGAGAGCCTGGGTGTAGTGGAAGTAGGTTCCTATCAAGGGCCATGCTCAGCTCCAA,67
377,TAGAGCCGGGGAGGGGTAACGCA,T2,T2_site1,30,GU,CTACGCCA,CAGCTCCAA,8,9,34.449,36.798,2.551,0.202,CTACGCCATAGAGCCGGGGAGGGGTAACGCACAGCTCCAA,40
378,CCGAGGAGTCTGGTAGGTGTCGTAGGAGTGGCGGCTG,T2,T2_site1,30,GU,CTACGCCA,CAGCTCCAA,8,9,34.449,36.798,2.551,0.202,CTACGCCACCGAGGAGTCTGGTAGGTGTCGTAGGAGTGGCGGCTGCAGCTCCAA,54
379,GTAGGGATAGTGATCCAGCTGGAGTCAG,T2,T2_site1,30,GU,CTACGCCA,CAGCTCCAA,8,9,34.449,36.798,2.551,0.202,CTACGCCAGTAGGGATAGTGATCCAGCTGGAGTCAGCAGCTCCAA,45
380,ACCAAGAGCTCAGGGGGTAGAGCGTGAGAGGTAGCAGCGCGGCAG,T2,T2_site1,30,GU,CTACGCCA,CAGCTCCAA,8,9,34.449,36.798,2.551,0.202,CTACGCCAACCAAGAGCTCAGGGGGTAGAGCGTGAGAGGTAGCAGCGCGGCAGCAGCTCCAA,62
381,GCTAGAGAGGCTAGTAGTGGCGTCT,T2,T2_site1,30,GU,CTACGCCA,CAGCTCCAA,8,9,34.449,36.798,2.551,0.202,CTACGCCAGCTAGAGAGGCTAGTAGTGGCGTCTCAGCTCCAA,42
382,AGTATAGGCGGGAGTGGTAACGCGAGTTGTGTGTGG,T2,T2_site1,30,GU,CTACGCCA,CAGCTCCAA,8,9,34.449,36.798,2.551,0.202,CTACGCCAAGTATAGGCGGGAGTGGTAACGCGAGTTGTGTGTGGCAGCTCCAA,53
383,TTGCTAGAGGGACAGCGCGGGACAGAGGAACGTAAGTGATGGG,T2,T2_site1,30,GU,CTACGCCA,CAGCTCCAA,8,9,34.449,36.798,2.551,0.202,CTACGCCATTGCTAGAGGGACAGCGCGGGACAGAGGAACGTAAGTGATGGGCAGCTCCAA,60
384,AGGAAGCGGTAGTGACGTTTCCTGGGGAAGTGGGAGGCCAGCGAA,T2,T2_site1,30,GU,CTACGCCA,CAGCTCCAA,8,9,34.449,36.798,2.551,0.202,CTACGCCAAGGAAGCGGTAGTGACGTTTCCTGGGGAAGTGGGAGGCCAGCGAACAGCTCCAA,62
385,CATAATGCTACGGGCTCAGAGGGTAGCGAGTTA,T2,T2_site1,30,GU,CTACGCCA,CAGCTCCAA,8,9,34.449,36.798,2.551,0.202,CTACGCCACATAATGCTACGGGCTCAGAGGGTAGCGAGTTACAGCTCCAA,50
386,TACAGGGCGCGCTGAGTGTAAGCGAGAGGC,T2,T2_site1,30,GU,CTACGCCA,CAGCTCCAA,8,9,34.449,36.798,2.551,0.202,CTACGCCATACAGGGCGCGCTGAGTGTAAGCGAGAGGCCAGCTCCAA,47
387,ACCACAGGGCTAGTTGAGCGGGAAGAGGGATAGGGG,T2,T2_site1,30,GU,CTACGCCA,CAGCTCCAA,8,9,34.449,36.798,2.551,0.202,CTACGCCAACCACAGGGCTAGTTGAGCGGGAAGAGGGATAGGGGCAGCTCCAA,53
388,AGGGTGTAGGTGGAGTGCAGCTAGGGTCGGGTC,T2,T2_site1,30,GU,CTACGCCA,CAGCTCCAA,8,9,34.449,36.798,2.551,0.202,CTACGCCAAGGGTGTAGGTGGAGTGCAGCTAGGGTCGGGTCCAGCTCCAA,50
389,CCCTATAGACGAGTTAGGAGTACGGTAGGTTGGGAGCGATAGAGTCAGGTACCGCAA,T2,T2_site1,30,GU,CTACGCCA,CAGCTCCAA,8,9,34.449,36.798,2.551,0.202,CTACGCCACCCTATAGACGAGTTAGGAGTACGGTAGGTTGGGAGCGATAGAGTCAGGTACCGCAACAGCTCCAA,74
390,GGGTGGGGGGGGATGTAGATCCAG,T2,T2_site1,30,GU,CTACGCCA,CAGCTCCAA,8,9,34.449,36.798,2.551,0.202,CTACGCCAGGGTGGGGGGGGATGTAGATCCAGCAGCTCCAA,41
391,CATACTGAGGGGCGCAGCGTATGTAGGGCTAGCAGGTTGAGCA,T2,T2_site1,30,GU,CTACGCCA,CAGCTCCAA,8,9,34.449,36.798,2.551,0.202,CTACGCCACATACTGAGGGGCGCAGCGTATGTAGGGCTAGCAGGTTGAGCACAGCTCCAA,60
392,CATGTGGTTTATCGTATGATAGGGGTCGGGATG,T2,T2_site1,30,GU,CTACGCCA,CAGCTCCAA,8,9,34.449,36.798,2.551,0.202,CTACGCCACATGTGGTTTATCGTATGATAGGGGTCGGGATGCAGCTCCAA,50
393,CAATAGCGGTAAGGCTGGTTACTCCTGAGGGGTAGTGGC,T2,T2_site1,30,GU,CTACGCCA,CAGCTCCAA,8,9,34.449,36.798,2.551,0.202,CTACGCCACAATAGCGGTAAGGCTGGTTACTCCTGAGGGGTAGTGGCCAGCTCCAA,56
394,ACAACTTTCTTACACTGGGTCGATGCTG,T2,T2_site1,30,GU,CTACGCCA,CAGCTCCAA,8,9,34.449,36.798,2.551,0.202,CTACGCCAACAACTTTCTTACACTGGGTCGATGCTGCAGCTCCAA,45
395,AGGTACCACCAAGGGCTAGGGCTGCCAGGCTACACTGT,T2,T2_site1,30,GU,CTACGCCA,CAGCTCCAA,8,9,34.449,36.798,2.551,0.202,CTACGCCAAGGTACCACCAAGGGCTAGGGCTGCCAGGCTACACTGTCAGCTCCAA,55
396,GGTCTGGACAGTGATGACACGGTTGGGGCGATAAGGTAG,T2,T2_site1,30,GU,CTACGCCA,CAGCTCCAA,8,9,34.449,36.798,2.551,0.202,CTACGCCAGGTCTGGACAGTGATGACACGGTTGGGGCGATAAGGTAGCAGCTCCAA,56
397,CTCGTGGCGTCAGATTAGTGGTGCTAGAGCTCATGCTGCGACA,T2,T2_site1,30,GU,CTACGCCA,CAGCTCCAA,8,9,34.449,36.798,2.551,0.202,CTACGCCACTCGTGGCGTCAGATTAGTGGTGCTAGAGCTCATGCTGCGACACAGCTCCAA,60
398,GCAGTGAGGGTCTAAGGCTACGGTAGGCAGGCTACTAGGAGGA,T2,T2_site1,30,GU,CTACGCCA,CAGCTCCAA,8,9,34.449,36.798,2.551,0.202,CTACGCCAGCAGTGAGGGTCTAAGGCTACGGTAGGCAGGCTACTAGGAGGACAGCTCCAA,60
399,CAGCTTGATCGACTTATAGCCAGTGATGAAAGGGTGAGAGGGAGGGTACG,T2,T2_site1,30,GU,CTACGCCA,CAGCTCCAA,8,9,34.449,36.798,2.551,0.202,CTACGCCACAGCTTGATCGACTTATAGCCAGTGATGAAAGGGTGAGAGGGAGGGTACGCAGCTCCAA,67
400,CCGACCGGTGGTGTGTTGACGGTAGTTAGAGGTACT,T2,T2_site1,30,GU,CTACGCCA,CAGCTCCAA,8,9,34.449,36.798,2.551,0.202,CTACGCCACCGACCGGTGGTGTGTTGACGGTAGTTAGAGGTACTCAGCTCCAA,53
401,TACGCCAGGAGTGGTGATCGTAGAGCACGAATG,T2,T2_site1,30,GU,CTACGCCA,CAGCTCCAA,8,9,34.449,36.798,2.551,0.202,CTACGCCATACGCCAGGAGTGGTGATCGTAGAGCACGAATGCAGCTCCAA,50
402,TAACACTCCAATAGGGTGATGCAGGAGATGTAAAGCGA,T2,T2_site1,30,GU,CTACGCCA,CAGCTCCAA,8,9,34.449,36.798,2.551,0.202,CTACGCCATAACACTCCAATAGGGTGATGCAGGAGATGTAAAGCGACAGCTCCAA,55
403,GGCACGCAAAGGTAGAGAGGTAGCGTCACCAAGTAC,T2,T2_site1,30,GU,CTACGCCA,CAGCTCCAA,8,9,34.449,36.798,2.551,0.202,CTACGCCAGGCACGCAAAGGTAGAGAGGTAGCGTCACCAAGTACCAGCTCCAA,53
404,TCGCGAGGTATCGACGAGCATGGTGGTGCTAGTAGCAAGGTC,T2,T2_site1,30,GU,CTACGCCA,CAGCTCCAA,8,9,34.449,36.798,2.551,0.202,CTACGCCATCGCGAGGTATCGACGAGCATGGTGGTGCTAGTAGCAAGGTCCAGCTCCAA,59
405,TATTCCAAGGTATAGGGGGTGGTGTGCCTAGATAATGACACAC,T2,T2_site1,30,GU,CTACGCCA,CAGCTCCAA,8,9,34.449,36.798,2.551,0.202,CTACGCCATATTCCAAGGTATAGGGGGTGGTGTGCCTAGATAATGACACACCAGCTCCAA,60
406,TGCACAAGAGGGAGTGGCAGTAA,T2,T2_site1,30,GU,CTACGCCA,CAGCTCCAA,8,9,34.449,36.798,2.551,0.202,CTACGCCATGCACAAGAGGGAGTGGCAGTAACAGCTCCAA,40
407,AAGCGTGCACGAGTAGTGGTGCAGTGAGCAAGTATGTAACCAAA,T2,T2_site1,30,GU,CTACGCCA,CAGCTCCAA,8,9,34.449,36.798,2.551,0.202,CTACGCCAAAGCGTGCACGAGTAGTGGTGCAGTGAGCAAGTATGTAACCAAACAGCTCCAA,61
408,AGGGACGCATAACGCGATTAGTGC,T2,T2_site1,30,GU,CTACGCCA,CAGCTCCAA,8,9,34.449,36.798,2.551,0.202,CTACGCCAAGGGACGCATAACGCGATTAGTGCCAGCTCCAA,41
409,TAGTAGACCAAGTGGTAGAGTGAGTATCTGGTAGTTTGAT,T2,T2_site1,30,GU,CTACGCCA,CAGCTCCAA,8,9,34.449,36.798,2.551,0.202,CTACGCCATAGTAGACCAAGTGGTAGAGTGAGTATCTGGTAGTTTGATCAGCTCCAA,57
410,TACACACACACGTAGTAGTGTTAGCGTTGGGGCG,T2,T2_site1,30,GU,CTACGCCA,CAGCTCCAA,8,9,34.449,36.798,2.551,0.202,CTACGCCATACACACACACGTAGTAGTGTTAGCGTTGGGGCGCAGCTCCAA,51
411,GGAGATCATATTACAGTGGGGGTGTGAGGTAGCTCCA,T2,T2_site1,30,GU,CTACGCCA,CAGCTCCAA,8,9,34.449,36.798,2.551,0.202,CTACGCCAGGAGATCATATTACAGTGGGGGTGTGAGGTAGCTCCACAGCTCCAA,54
412,CAGTGACAGGTAGCAAGGGTTCAGCGACCGAGTGGGGTAT,T2,T2_site1,30,GU,CTACGCCA,CAGCTCCAA,8,9,34.449,36.798,2.551,0.202,CTACGCCACAGTGACAGGTAGCAAGGGTTCAGCGACCGAGTGGGGTATCAGCTCCAA,57
413,CAGTTAGTTCGTGAACCACGGTAGAGCAAGGGTAGAGA,T2,T2_site1,30,GU,CTACGCCA,CAGCTCCAA,8,9,34.449,36.798,2.551,0.202,CTACGCCACAGTTAGTTCGTGAACCACGGTAGAGCAAGGGTAGAGACAGCTCCAA,55
414,ACTAAGTGGCGAGGTAGGGTTCCAGAGAGTTAACC,T2,T2_site1,30,GU,CTACGCCA,CAGCTCCAA,8,9,34.449,36.798,2.551,0.202,CTACGCCAACTAAGTGGCGAGGTAGGGTTCCAGAGAGTTAACCCAGCTCCAA,52
415,CAGGTTGAAATGGGTTGCGTCGAGGAGCAACAGCTA,T2,T2_site1,30,GU,CTACGCCA,CAGCTCCAA,8,9,34.449,36.798,2.551,0.202,CTACGCCACAGGTTGAAATGGGTTGCGTCGAGGAGCAACAGCTACAGCTCCAA,53
416,GGCATAAGCGAGAACCAGTGTTAGGATGTT,T2,T2_site1,30,GU,CTACGCCA,CAGCTCCAA,8,9,34.449,36.798,2.551,0.202,CTACGCCAGGCATAAGCGAGAACCAGTGTTAGGATGTTCAGCTCCAA,47
417,TGGCAGATAGTACGCGGGTTTAGTGAGGGAGGAGGTACGAGTCAGG,T2,T2_site1,30,GU,CTACGCCA,CAGCTCCAA,8,9,34.449,36.798,2.551,0.202,CTACGCCATGGCAGATAGTACGCGGGTTTAGTGAGGGAGGAGGTACGAGTCAGGCAGCTCCAA,63
418,CCAGCAAGCATAGCGAGGTAT,T2,T2_site1,30,GU,CTACGCCA,CAGCTCCAA,8,9,34.449,36.798,2.551,0.202,CTACGCCACCAGCAAGCATAGCGAGGTATCAGCTCCAA,38
419,ACACCGGGGTATGGAAGTCGCGGCGCTATTATTTAGAGGGAGATA,T2,T2_site1,30,GU,CTACGCCA,CAGCTCCAA,8,9,34.449,36.798,2.551,0.202,CTACGCCAACACCGGGGTATGGAAGTCGCGGCGCTATTATTTAGAGGGAGATACAGCTCCAA,62
420,GTTACGTCAAGTGGAGTGATAGTCATATCGCACTGCCAA,T2,T2_site1,30,GU,CTACGCCA,CAGCTCCAA,8,9,34.449,36.798,2.551,0.202,CTACGCCAGTTACGTCAAGTGGAGTGATAGTCATATCGCACTGCCAACAGCTCCAA,56
