core_index,catalytic_core,target_id,site_id,cleavage_pos,cleavage_dinucleotide,left_arm,right_arm,left_arm_len,right_arm_len,left_tm,right_tm,left_tm_delta,right_tm_delta,dnazyme_5to3,dnazyme_len,db_structure,min_tde,min_tde_sequence,min_tde_db
191,AGCAGAGTGGGCTTAAAGGGG,T1,T1_site1,14,GU,GACCTTTAGTG,TGAGGTGTGG,11,10,39.343,38.539,2.343,1.539,GACCTTTAGTGAGCAGAGTGGGCTTAAAGGGGTGAGGTGTGG,42,(((.......)))........,1,GGAGACAGGTTCCGGATGCATG,(((.......))).........
35,GGGTTACAGTGGAAACGATGGCT,T1,T1_site1,14,GU,GACCTTTAGTG,TGAGGTGTGG,11,10,39.343,38.539,2.343,1.539,GACCTTTAGTGGGGTTACAGTGGAAACGATGGCTTGAGGTGTGG,44,......(....)...........,2,GGGTTCGGTGGAGCGGCGCGA,.....................
41,TATAGGCTAGCGGTTGGGGGTA,T1,T1_site1,14,GU,GACCTTTAGTG,TGAGGTGTGG,11,10,39.343,38.539,2.343,1.539,GACCTTTAGTGTATAGGCTAGCGGTTGGGGGTATGAGGTGTGG,43,.....(....)...........,2,AAAGGGCGGGCAAACTCTGG,....................
175,CGAAGCTGATGGGTAGGGGTTCCAC,T1,T1_site1,14,GU,GACCTTTAGTG,TGAGGTGTGG,11,10,39.343,38.539,2.343,1.539,GACCTTTAGTGCGAAGCTGATGGGTAGGGGTTCCACTGAGGTGTGG,46,...........(..........)..,2,TTACAAACCCCAAACCTTCTCTT,.......................
185,GGGTAGCACAGCGTGGGGTC,T1,T1_site1,14,GU,GACCTTTAGTG,TGAGGTGTGG,11,10,39.343,38.539,2.343,1.539,GACCTTTAGTGGGGTAGCACAGCGTGGGGTCTGAGGTGTGG,41,..((.((...))))......,2,GGCACTCAGAGCGCACGGCG,.((.((...)).))......
336,AGCGTCTCGCGAACACAGTGAGGGTTAT,T1,T1_site1,14,GU,GACCTTTAGTG,TGAGGTGTGG,11,10,39.343,38.539,2.343,1.539,GACCTTTAGTGAGCGTCTCGCGAACACAGTGAGGGTTATTGAGGTGTGG,49,(((..(((((.......))))).)))..,2,ACCAACAGCTAAGTTTGCGTGTGGGTTC,(((.(((((.......)).))).)))..
390,GGGTGGGGGGGGATGTAGATCCAG,T1,T1_site1,14,GU,GACCTTTAGTG,TGAGGTGTGG,11,10,39.343,38.539,2.343,1.539,GACCTTTAGTGGGGTGGGGGGGGATGTAGATCCAGTGAGGTGTGG,45,..........((((....))))..,2,GGTACGGGGCGTGCGGAGGCAC,..........((((....))))
95,AGCAAGTGCACATAGAGGTTC,T1,T1_site1,14,GU,GACCTTTAGTG,TGAGGTGTGG,11,10,39.343,38.539,2.343,1.539,GACCTTTAGTGAGCAAGTGCACATAGAGGTTCTGAGGTGTGG,42,.((....)).(...)......,3,TTCTGCGCAGGTAAGCTGTA,..((....))..........
123,GCCAGGGTGGAGCTAAGGGGGTCTGGCGTCCAGATATCCTA,T1,T1_site1,14,GU,GACCTTTAGTG,TGAGGTGTGG,11,10,39.343,38.539,2.343,1.539,GACCTTTAGTGGCCAGGGTGGAGCTAAGGGGGTCTGGCGTCCAGATATCCTATGAGGTGTGG,62,...............((((.(((.........))).)))).,3,GAGAGTGTACGGTTACGCACTAGCTAACAGGAGTTCGTGC,................((((.(((........))).))))
196,CCGGTAGCACGTTCCCAGGTCC,T1,T1_site1,14,GU,GACCTTTAGTG,TGAGGTGTGG,11,10,39.343,38.539,2.343,1.539,GACCTTTAGTGCCGGTAGCACGTTCCCAGGTCCTGAGGTGTGG,43,((((.((....)).)).))...,3,AGTCGGCCCCAGCTGGTTCGC,((.((((....)))).))...
